subset,model,balanced_accuracy_mean,balanced_accuracy_standard_deviation,balanced_accuracy_ci95_low,balanced_accuracy_ci95_high,macro_f1_mean,macro_f1_standard_deviation,macro_f1_ci95_low,macro_f1_ci95_high,roc_auc_mean,roc_auc_standard_deviation,roc_auc_ci95_low,roc_auc_ci95_high,average_precision_mean,average_precision_standard_deviation,average_precision_ci95_low,average_precision_ci95_high,log_loss_mean,log_loss_standard_deviation,log_loss_ci95_low,log_loss_ci95_high,brier_score_mean,brier_score_standard_deviation,brier_score_ci95_low,brier_score_ci95_high,delta_balanced_accuracy_vs_A_mean,delta_balanced_accuracy_vs_A_standard_deviation,delta_balanced_accuracy_vs_A_ci95_low,delta_balanced_accuracy_vs_A_ci95_high,delta_macro_f1_vs_A_mean,delta_macro_f1_vs_A_standard_deviation,delta_macro_f1_vs_A_ci95_low,delta_macro_f1_vs_A_ci95_high,delta_roc_auc_vs_A_mean,delta_roc_auc_vs_A_standard_deviation,delta_roc_auc_vs_A_ci95_low,delta_roc_auc_vs_A_ci95_high,delta_log_loss_vs_A_mean,delta_log_loss_vs_A_standard_deviation,delta_log_loss_vs_A_ci95_low,delta_log_loss_vs_A_ci95_high,delta_brier_score_vs_A_mean,delta_brier_score_vs_A_standard_deviation,delta_brier_score_vs_A_ci95_low,delta_brier_score_vs_A_ci95_high
S0,Model A,0.5594366415767829,0.01137213748684937,0.5384958679289206,0.5762275936990766,0.5579111960465069,0.013447537406833772,0.5323571888625936,0.5777290573285929,0.5672767129665555,0.00888708672533315,0.5477466633041049,0.5820802940948242,0.7212230999613913,0.006454112438007794,0.7090689137349799,0.7330073900379602,0.6834374521746795,0.0026516978386646947,0.6792584774383763,0.6890274094487974,0.24501496216727908,0.0012750094286611755,0.24301302094306215,0.2477404240567184,0.0,0.0,0.0,0.0,0.0,0.0,0.0,0.0,0.0,0.0,0.0,0.0,0.0,0.0,0.0,0.0,0.0,0.0,0.0,0.0
S0,Model B,0.5524315201365718,0.011749341437566292,0.5296066772716691,0.5708570652595639,0.5373071002557849,0.011526595896026913,0.515890614317438,0.558297506294405,0.5705581205866378,0.012830470862780783,0.5452890509816094,0.5930902265849305,0.7197524052039106,0.009013763046477679,0.7033667255760059,0.7345835392274992,0.6877692417972427,0.005366684034113246,0.6798698968777905,0.6990076087630216,0.24693779492767437,0.002512324313826974,0.24323432371856,0.2521891773095495,-0.00700512144021107,0.014346601172950566,-0.03304657794676807,0.01821884457204932,-0.020604095790721994,0.017211173378648,-0.05041143191906639,0.007704665731028156,0.003281407620082266,0.008194436979895924,-0.010544444013346792,0.015739116939551427,0.004331789622563048,0.003919414309316159,-0.001404325235028933,0.011929620553211309,0.00192283276039526,0.0018059030170888288,-0.0007391335319439508,0.00544168693252282
S0,Model C,0.5487384573601304,0.011841312417853501,0.530037149840925,0.571983879102972,0.5341611372143964,0.011858116492225273,0.517330826063243,0.5565615812180563,0.5676018468223792,0.013308469281715677,0.5423234655078761,0.5918878520990144,0.7173513295038356,0.009252837172161386,0.6983673147649518,0.7329864889927595,0.6877029273957704,0.004956845508359346,0.6799673177774419,0.6979908752010751,0.24698988948600126,0.0023314029814297883,0.24327945509998936,0.25176193232977134,-0.010698184216652435,0.015445727497905466,-0.03391499185225422,0.01584038178008847,-0.023750058832110472,0.018181032643886562,-0.051601870196477134,0.006822750711220039,0.0003251338558236949,0.008319093015690775,-0.012833669589508812,0.014536742453635336,0.004265475221090826,0.0033958155090197174,-0.0008466056555738481,0.010560150109270682,0.001974927318722211,0.0015754933462322092,-0.00044111476201298054,0.0048812288594881955
S0,Model D,0.5433524094048267,0.012133138887069211,0.5278937107162257,0.567010844261659,0.5284428983135311,0.011528242179109355,0.512098352345838,0.549841232752373,0.5595441142236361,0.012559167548343467,0.531357278652906,0.5815498176456894,0.7134181513207661,0.007949382616816096,0.6968535371283163,0.7260189576574446,0.691324990890187,0.0049857216641517816,0.6829841652174333,0.7024177788151594,0.24873525256707926,0.002337089254942409,0.2447945998996178,0.2539085444744054,-0.016084232171956238,0.012969629230023616,-0.03847811748273455,0.005107957631721841,-0.02946829773297572,0.015212067461682658,-0.05687981868939102,-0.002237746656476719,-0.007732598742919245,0.00927354591777732,-0.023740979281446445,0.009671762241018018,0.007887538715507358,0.0034539033285896237,0.0024232017897357987,0.014327087784489774,0.003720290399800252,0.0016019736318803098,0.0011627622644942346,0.006688919320881422
S1,Model A,0.5594366415767829,0.01137213748684937,0.5384958679289206,0.5762275936990766,0.5579111960465069,0.013447537406833772,0.5323571888625936,0.5777290573285929,0.5672767129665555,0.00888708672533315,0.5477466633041049,0.5820802940948242,0.7212230999613913,0.006454112438007794,0.7090689137349799,0.7330073900379602,0.6834374521746795,0.0026516978386646947,0.6792584774383763,0.6890274094487974,0.24501496216727908,0.0012750094286611755,0.24301302094306215,0.2477404240567184,0.0,0.0,0.0,0.0,0.0,0.0,0.0,0.0,0.0,0.0,0.0,0.0,0.0,0.0,0.0,0.0,0.0,0.0,0.0,0.0
S1,Model B,0.5524315201365718,0.011749341437566292,0.5296066772716691,0.5708570652595639,0.5373071002557849,0.011526595896026913,0.515890614317438,0.558297506294405,0.5705581205866378,0.012830470862780783,0.5452890509816094,0.5930902265849305,0.7197524052039106,0.009013763046477679,0.7033667255760059,0.7345835392274992,0.6877692417972427,0.005366684034113246,0.6798698968777905,0.6990076087630216,0.24693779492767437,0.002512324313826974,0.24323432371856,0.2521891773095495,-0.00700512144021107,0.014346601172950566,-0.03304657794676807,0.01821884457204932,-0.020604095790721994,0.017211173378648,-0.05041143191906639,0.007704665731028156,0.003281407620082266,0.008194436979895924,-0.010544444013346792,0.015739116939551427,0.004331789622563048,0.003919414309316159,-0.001404325235028933,0.011929620553211309,0.00192283276039526,0.0018059030170888288,-0.0007391335319439508,0.00544168693252282
S1,Model C,0.5487384573601304,0.011841312417853501,0.530037149840925,0.571983879102972,0.5341611372143964,0.011858116492225273,0.517330826063243,0.5565615812180563,0.5676018468223792,0.013308469281715677,0.5423234655078761,0.5918878520990144,0.7173513295038356,0.009252837172161386,0.6983673147649518,0.7329864889927595,0.6877029273957704,0.004956845508359346,0.6799673177774419,0.6979908752010751,0.24698988948600126,0.0023314029814297883,0.24327945509998936,0.25176193232977134,-0.010698184216652435,0.015445727497905466,-0.03391499185225422,0.01584038178008847,-0.023750058832110472,0.018181032643886562,-0.051601870196477134,0.006822750711220039,0.0003251338558236949,0.008319093015690775,-0.012833669589508812,0.014536742453635336,0.004265475221090826,0.0033958155090197174,-0.0008466056555738481,0.010560150109270682,0.001974927318722211,0.0015754933462322092,-0.00044111476201298054,0.0048812288594881955
S1,Model D,0.5433524094048267,0.012133138887069211,0.5278937107162257,0.567010844261659,0.5284428983135311,0.011528242179109355,0.512098352345838,0.549841232752373,0.5595441142236361,0.012559167548343467,0.531357278652906,0.5815498176456894,0.7134181513207661,0.007949382616816096,0.6968535371283163,0.7260189576574446,0.691324990890187,0.0049857216641517816,0.6829841652174333,0.7024177788151594,0.24873525256707926,0.002337089254942409,0.2447945998996178,0.2539085444744054,-0.016084232171956238,0.012969629230023616,-0.03847811748273455,0.005107957631721841,-0.02946829773297572,0.015212067461682658,-0.05687981868939102,-0.002237746656476719,-0.007732598742919245,0.00927354591777732,-0.023740979281446445,0.009671762241018018,0.007887538715507358,0.0034539033285896237,0.0024232017897357987,0.014327087784489774,0.003720290399800252,0.0016019736318803098,0.0011627622644942346,0.006688919320881422
S2,Model A,0.5359298541788999,0.01649509904390224,0.4955638945977687,0.5536745816206694,0.5282033358478484,0.017240492754374934,0.48753680433701374,0.5500214811783961,0.5395888383245254,0.012171339445410337,0.5154607677627716,0.559804083480133,0.720319366802533,0.008841332944460096,0.7065202900739899,0.7344568572688831,0.6928717353058552,0.003434148312193316,0.6863468181707655,0.697121862925923,0.24966699385090957,0.0016612044820216035,0.2465051320216957,0.2517687515518793,0.0,0.0,0.0,0.0,0.0,0.0,0.0,0.0,0.0,0.0,0.0,0.0,0.0,0.0,0.0,0.0,0.0,0.0,0.0,0.0
S2,Model B,0.5434050205519672,0.013479482679447161,0.5143557936973968,0.5629468217850851,0.529510625528318,0.014015223882275395,0.4976786102947417,0.5475640872006691,0.540222523977295,0.014341508730369115,0.5103414317870425,0.5599050083186533,0.722288794199876,0.009589711233365196,0.7035419356048616,0.7346617180423513,0.6985675142425071,0.0059234894311324315,0.6903974510601447,0.7113267678271638,0.25193477506226414,0.0027672613099224775,0.24813699177837284,0.2578608983485598,0.0074751663730671354,0.019338558997499474,-0.01721563662164808,0.04629544676061852,0.0013072896804696866,0.020910532542195086,-0.023728231790253733,0.04437532579619482,0.0006336856527696388,0.015393466345129328,-0.022228848600508895,0.029800046486592277,0.005695778936651847,0.005433862949787217,-0.002166612333440726,0.017125100429468684,0.002267781211354618,0.0025104039525623567,-0.0013256068751335566,0.007466730522413033
S2,Model C,0.5350515022509297,0.013438851679823428,0.5064423688588765,0.5572063393031904,0.5212680877598456,0.013937951429844988,0.4906947566768035,0.5429539092725341,0.5354105500097865,0.01440646240912844,0.5049370596007047,0.5568479032100215,0.7231233672153318,0.010201243674167254,0.701484178053115,0.7355343397846362,0.6974568270535215,0.0060647968189640675,0.6888495083870504,0.7108053689470863,0.25168065571850456,0.00288720744212696,0.24755312257794576,0.25812361950891155,-0.0008783519279702473,0.019574795952480517,-0.027222181444509733,0.038772876296731186,-0.006935248088002682,0.021406199777572806,-0.03647937850251673,0.03650112195438639,-0.004178288314738679,0.012903163767717949,-0.026460045997259804,0.019179389312977118,0.004585091747666243,0.004779429276684585,-0.0012822935854185813,0.014232540281278908,0.002013661867595057,0.002273531051501205,-0.000735573170907091,0.0066842565493900885
S2,Model D,0.5288021139166176,0.013653384523202831,0.5031448791348601,0.5488785109610491,0.5090059781684376,0.012371020326034326,0.48509960323625295,0.5268360142162613,0.5368883343119984,0.0130639729505701,0.5143053312781366,0.5554508587786259,0.7273355689535969,0.009902626810753804,0.7104287050066329,0.7426275388862514,0.7008931648810648,0.006450071519403271,0.6916992008850746,0.712956246237127,0.25324003116129884,0.0030402719398541717,0.24903333363461372,0.2588836355355338,-0.007127740262282254,0.02344799149341931,-0.049983485026423996,0.035403515854374595,-0.01919735767941065,0.022661487962220683,-0.0632348501447189,0.021763090109768138,-0.0027005040125269,0.01711491650782585,-0.037448008416519796,0.028711893227637474,0.008021429575209581,0.006898503610117007,-0.000715385599443255,0.021724110143571645,0.003573037310389307,0.0032692491956519206,-0.0007297466258485506,0.010036013209107138
S3,Model A,0.5541508838383838,0.022152959394016077,0.5069523358585859,0.5836253156565656,0.5294418928743219,0.017882849204056986,0.4907824619194468,0.551683257918552,0.5586542508417509,0.018635965872279413,0.5296401515151515,0.5849484427609427,0.7097133017868259,0.013605386512422154,0.6841066869492987,0.731695138266888,0.6939217382515851,0.00844094383351884,0.6810364422107443,0.7077198160824937,0.2498444023522442,0.003906091395666739,0.24392492411286007,0.2563637971839445,0.0,0.0,0.0,0.0,0.0,0.0,0.0,0.0,0.0,0.0,0.0,0.0,0.0,0.0,0.0,0.0,0.0,0.0,0.0,0.0
S3,Model B,0.5519412878787879,0.031771734766106494,0.48528251262626265,0.5896464646464646,0.532694379133552,0.029748162733235866,0.4728779092702169,0.5728399845021309,0.5549558080808081,0.026672099955918578,0.49975799663299664,0.5954492845117846,0.7103799765629183,0.014415818545789423,0.680514932153079,0.7339680603981078,0.7081393678606909,0.014639537051416681,0.6886506959653588,0.7380389426106166,0.2556858597414995,0.006749641370403222,0.2468568224885095,0.26963932011998193,-0.0022095959595959725,0.03974542428849886,-0.06916035353535352,0.07344539141414136,0.003252486259229956,0.03490153695101735,-0.053747919236158334,0.06668279853058792,-0.0036984427609427274,0.021178140558904976,-0.039827967171717195,0.029263994107744152,0.014217629609105758,0.011886165362942888,-0.001101840564526818,0.03522293278791134,0.005841457389255254,0.005291445432284733,-0.001079709395317349,0.015454615012016793
S3,Model C,0.5402777777777776,0.033662792172720904,0.4659880050505051,0.5875946969696969,0.5226928447485999,0.030698304651901515,0.4557280316676452,0.566106602304578,0.5367476851851852,0.02715414515884692,0.48216277356902354,0.5790430345117844,0.6952633581077782,0.013664803588383694,0.6681786190614812,0.7172684937637781,0.7191265311300074,0.014015306355261338,0.700386327651768,0.7498875836475196,0.26052831936108234,0.006327879462004078,0.25193507122900305,0.2745406255776354,-0.013873106060606055,0.038100823827373016,-0.0809343434343434,0.04934501262626256,-0.006749048125721862,0.03567821060609331,-0.06670309847338338,0.053192696902141075,-0.021906565656565652,0.021063963376301318,-0.05789667508417517,0.008780513468013488,0.025204792878422033,0.012216157398220719,0.00967631013335844,0.04691566207809698,0.01068391700883812,0.005346467453524765,0.003979955948924543,0.020296873437101973
S3,Model D,0.5389204545454546,0.03194434922857128,0.49177714646464643,0.598989898989899,0.5223392987045657,0.028396864556357017,0.4814870689655172,0.5794562982883971,0.5254261363636363,0.02943888771721158,0.47179082491582486,0.5717461069023568,0.6849758361226386,0.012841891180428461,0.6607972535396694,0.7044432805931111,0.7318754281225233,0.01703278352516776,0.7114439183633361,0.7681111522397239,0.26546290008438017,0.007341732511105831,0.2565029174444225,0.2805235846027141,-0.015230429292929287,0.033989828357750176,-0.07060448232323233,0.04825599747474745,-0.007102594169756176,0.032316384118475136,-0.05821474727362086,0.054197339532480966,-0.033228114478114454,0.026370014639883935,-0.06955492424242436,0.0031881313131313905,0.037953689870937966,0.016447598522479314,0.017184063661707306,0.07150645889957095,0.015618497732135958,0.006844522690558705,0.006988244570416099,0.028676581546822108
