method,subset,layer_band,n,mean_frozen_K_internal,mean_retrained_K_internal,mean_recovery_gain
ELM,forgotten,full,88,0.29166666666666663,0.5294270905539055,0.23776042388723884
ELM,forgotten,late,88,0.29166666666666663,0.5082702094971231,0.2166035428304564
ELM,forgotten,mid,88,0.29166666666666663,0.5280303099616007,0.2363636432949341
ELM,lucky,full,86,0.375968992248062,0.5032703569310523,0.12730136468299022
ELM,lucky,late,86,0.375968992248062,0.47906977552198626,0.10310078327392426
ELM,lucky,mid,86,0.375968992248062,0.5221282674255633,0.14615927517750132
ELM,retained,full,247,0.8677462887989205,0.7497638382997952,-0.11798245049912516
ELM,retained,late,247,0.8677462887989205,0.7549032894263544,-0.11284299937256595
ELM,retained,mid,247,0.8677462887989205,0.7750950857475921,-0.09265120305132828
ELM,suppressed,full,152,0.7785087719298245,0.6884320237318446,-0.09007674819797995
ELM,suppressed,late,152,0.7785087719298245,0.7016081931853765,-0.07690057874444806
ELM,suppressed,mid,152,0.7785087719298245,0.7048245677323433,-0.07368420419748128
GradDiff,forgotten,full,79,0.29535864978902954,0.44936709593085544,0.15400844614182596
GradDiff,forgotten,late,79,0.29535864978902954,0.4182137908563332,0.12285514106730369
GradDiff,forgotten,mid,79,0.29535864978902954,0.4571538243318454,0.16179517454281594
GradDiff,lucky,full,56,0.5297619047619048,0.54241072211215,0.012648817350245336
GradDiff,lucky,late,56,0.5297619047619048,0.5430555633224902,0.013293658560585436
GradDiff,lucky,mid,56,0.5297619047619048,0.5435065015086106,0.013744596746705853
GradDiff,retained,full,310,0.89247311827957,0.7938978546046682,-0.0985752636749017
GradDiff,retained,late,310,0.89247311827957,0.8367741981741561,-0.05569892010541372
GradDiff,retained,mid,310,0.89247311827957,0.8250439930276787,-0.06742912525189121
GradDiff,suppressed,full,128,0.7526041666666666,0.7120117251834017,-0.04059244148326493
GradDiff,suppressed,late,128,0.7526041666666666,0.7291666733295036,-0.02343749333716307
GradDiff,suppressed,mid,128,0.7526041666666666,0.7410511425145987,-0.011553024152068011
PB_J,forgotten,full,130,0.2692307692307692,0.4613942376997035,0.1921634684689343
PB_J,forgotten,late,130,0.2692307692307692,0.4020940239460041,0.13286325471523483
PB_J,forgotten,mid,130,0.2692307692307692,0.45561772258965283,0.18638695335888364
PB_J,lucky,full,83,0.321285140562249,0.5114708909899535,0.1901857504277045
PB_J,lucky,late,83,0.321285140562249,0.4562249064026588,0.13493976584040976
PB_J,lucky,mid,83,0.321285140562249,0.5092369555121314,0.18795181494988245
PB_J,retained,full,246,0.8509485094850949,0.7163279194346954,-0.1346205900503994
PB_J,retained,late,246,0.8509485094850949,0.7442863654981299,-0.10666214398696493
PB_J,retained,mid,246,0.8509485094850949,0.7294407551189924,-0.1215077543661024
PB_J,suppressed,full,114,0.7309941520467835,0.7061769068077729,-0.024817245239010667
PB_J,suppressed,late,114,0.7309941520467835,0.7029727159710656,-0.028021436075718067
PB_J,suppressed,mid,114,0.7309941520467835,0.708612446327719,-0.0223817057190646
RMU-LAT,forgotten,full,109,0.28134556574923547,0.49464832537149617,0.2133027596222607
RMU-LAT,forgotten,late,109,0.28134556574923547,0.44938838655522106,0.16804282080598562
RMU-LAT,forgotten,mid,109,0.28134556574923547,0.5163747640228749,0.2350291982736394
RMU-LAT,lucky,full,109,0.4525993883792048,0.5350152975700181,0.08241590919081318
RMU-LAT,lucky,late,109,0.4525993883792048,0.49189603174224905,0.039296643363044184
RMU-LAT,lucky,mid,109,0.4525993883792048,0.523881018927338,0.07128163054813305
RMU-LAT,retained,full,242,0.8236914600550964,0.7246298269561131,-0.0990616330989834
RMU-LAT,retained,late,242,0.8236914600550964,0.7116391244629198,-0.11205233559217662
RMU-LAT,retained,mid,242,0.8236914600550964,0.7531179622632951,-0.07057349779180139
RMU-LAT,suppressed,full,113,0.7315634218289085,0.6755899770201835,-0.05597344480872504
RMU-LAT,suppressed,late,113,0.7315634218289085,0.6622910590650057,-0.06927236276390276
RMU-LAT,suppressed,mid,113,0.7315634218289085,0.7072137365442845,-0.024349685284624015
RR,forgotten,full,87,0.25287356321839083,0.4628113098999207,0.2099377466815299
RR,forgotten,late,87,0.25287356321839083,0.4090038390451921,0.1561302758268013
RR,forgotten,mid,87,0.25287356321839083,0.4656914036724884,0.21281784045409757
RR,lucky,full,87,0.37164750957854403,0.5415469420281636,0.16989943244961944
RR,lucky,late,87,0.37164750957854403,0.4885696113851792,0.11692210180663516
RR,lucky,mid,87,0.37164750957854403,0.5409961755559736,0.16934866597742954
RR,retained,full,273,0.8388278388278388,0.7348901160668596,-0.10393772276097929
RR,retained,late,273,0.8388278388278388,0.7415750978958039,-0.09725274093203491
RR,retained,mid,273,0.8388278388278388,0.7722055781614054,-0.06662226066643342
RR,suppressed,full,126,0.746031746031746,0.6664351921469446,-0.0795965538848014
RR,suppressed,late,126,0.746031746031746,0.6506613829621563,-0.09537036306958979
RR,suppressed,mid,126,0.746031746031746,0.6901875970941601,-0.05584414893758588
RepNoise,forgotten,full,104,0.36538461538461536,0.49154648220596403,0.1261618668213487
RepNoise,forgotten,late,104,0.36538461538461536,0.47056624753257403,0.10518163214795867
RepNoise,forgotten,mid,104,0.36538461538461536,0.4954545532385786,0.13006993785396326
RepNoise,lucky,full,88,0.3901515151515151,0.5223958409878171,0.132244325836302
RepNoise,lucky,late,88,0.3901515151515151,0.49166667427528987,0.10151515912377475
RepNoise,lucky,mid,88,0.3901515151515151,0.5444214955526442,0.15426998040112913
RepNoise,retained,full,202,0.8580858085808581,0.7530424974342383,-0.10504331114661968
RepNoise,retained,late,202,0.8580858085808581,0.7727172771647032,-0.08536853141615493
RepNoise,retained,mid,202,0.8580858085808581,0.7719472001443352,-0.08613860843652295
RepNoise,suppressed,full,179,0.8528864059590316,0.7166084790030005,-0.13627792695603114
RepNoise,suppressed,late,179,0.8528864059590316,0.7331160829747633,-0.11977032298426832
RepNoise,suppressed,mid,179,0.8528864059590316,0.7286270584958408,-0.12425934746319092
TAR,forgotten,full,94,0.2836879432624113,0.47810284394889757,0.1944149006864862
TAR,forgotten,late,94,0.2836879432624113,0.4377068629501559,0.1540189196877446
TAR,forgotten,mid,94,0.2836879432624113,0.45415861390430184,0.1704706706418905
TAR,lucky,full,68,0.41666666666666663,0.48933824279126437,0.07267157612459772
TAR,lucky,late,68,0.41666666666666663,0.4928921647150727,0.07622549804840603
TAR,lucky,mid,68,0.41666666666666663,0.4943850342682339,0.07771836760156722
TAR,retained,full,252,0.8637566137566137,0.7355572149201872,-0.12819939883642645
TAR,retained,late,252,0.8637566137566137,0.7737654379297975,-0.08999117582681633
TAR,retained,mid,252,0.8637566137566137,0.7556036613548301,-0.10815295240178367
TAR,suppressed,full,159,0.779874213836478,0.6843291473967381,-0.09554506643973992
TAR,suppressed,late,159,0.779874213836478,0.712858148197208,-0.06701606563926991
TAR,suppressed,mid,159,0.779874213836478,0.6884314914442186,-0.09144272239225942
