method,pl_lr_acc,pl_lr_true,pl_lr_fals,pl_lr_lyr,pl_lr_prec,pl_lr_rec,pl_lr_f1,pl_lr_auc,pl_rf_acc,pl_rf_true,pl_rf_fals,pl_rf_lyr,pl_rf_prec,pl_rf_rec,pl_rf_f1,pl_rf_auc,pl_adaboost_acc,pl_adaboost_true,pl_adaboost_fals,pl_adaboost_lyr,pl_adaboost_prec,pl_adaboost_rec,pl_adaboost_f1,pl_adaboost_auc,mb_lr_acc,mb_lr_true,mb_lr_fals,mb_lr_prec,mb_lr_rec,mb_lr_f1,mb_lr_auc,mb_rf_acc,mb_rf_true,mb_rf_fals,mb_rf_prec,mb_rf_rec,mb_rf_f1,mb_rf_auc,mb_adaboost_acc,mb_adaboost_true,mb_adaboost_fals,mb_adaboost_prec,mb_adaboost_rec,mb_adaboost_f1,mb_adaboost_auc,vote_lr_acc,vote_lr_true,vote_lr_fals,vote_lr_prec,vote_lr_rec,vote_lr_f1,vote_rf_acc,vote_rf_true,vote_rf_fals,vote_rf_prec,vote_rf_rec,vote_rf_f1,vote_adaboost_acc,vote_adaboost_true,vote_adaboost_fals,vote_adaboost_prec,vote_adaboost_rec,vote_adaboost_f1,avg_lr_acc,avg_lr_true,avg_lr_fals,avg_lr_prec,avg_lr_rec,avg_lr_f1,avg_lr_auc,avg_rf_acc,avg_rf_true,avg_rf_fals,avg_rf_prec,avg_rf_rec,avg_rf_f1,avg_rf_auc,avg_adaboost_acc,avg_adaboost_true,avg_adaboost_fals,avg_adaboost_prec,avg_adaboost_rec,avg_adaboost_f1,avg_adaboost_auc,fl_lr_acc,fl_lr_true,fl_lr_fals,fl_lr_prec,fl_lr_rec,fl_lr_f1,fl_lr_auc,fl_rf_acc,fl_rf_true,fl_rf_fals,fl_rf_prec,fl_rf_rec,fl_rf_f1,fl_rf_auc,fl_adaboost_acc,fl_adaboost_true,fl_adaboost_fals,fl_adaboost_prec,fl_adaboost_rec,fl_adaboost_f1,fl_adaboost_auc,ib_lr_acc,ib_lr_true,ib_lr_fals,ib_lr_prec,ib_lr_rec,ib_lr_f1,ib_lr_auc,ib_rf_acc,ib_rf_true,ib_rf_fals,ib_rf_prec,ib_rf_rec,ib_rf_f1,ib_rf_auc,ib_adaboost_acc,ib_adaboost_true,ib_adaboost_fals,ib_adaboost_prec,ib_adaboost_rec,ib_adaboost_f1,ib_adaboost_auc,ibe_lr_acc,ibe_lr_true,ibe_lr_fals,ibe_lr_prec,ibe_lr_rec,ibe_lr_f1,ibe_lr_auc,ibe_rf_acc,ibe_rf_true,ibe_rf_fals,ibe_rf_prec,ibe_rf_rec,ibe_rf_f1,ibe_rf_auc,ibe_adaboost_acc,ibe_adaboost_true,ibe_adaboost_fals,ibe_adaboost_prec,ibe_adaboost_rec,ibe_adaboost_f1,ibe_adaboost_auc,eb_lr_acc,eb_lr_true,eb_lr_fals,eb_lr_prec,eb_lr_rec,eb_lr_f1,eb_lr_auc,eb_rf_acc,eb_rf_true,eb_rf_fals,eb_rf_prec,eb_rf_rec,eb_rf_f1,eb_rf_auc,eb_adaboost_acc,eb_adaboost_true,eb_adaboost_fals,eb_adaboost_prec,eb_adaboost_rec,eb_adaboost_f1,eb_adaboost_auc,ibnp_lr_acc,ibnp_lr_true,ibnp_lr_fals,ibnp_lr_prec,ibnp_lr_rec,ibnp_lr_f1,ibnp_lr_auc,ibnp_rf_acc,ibnp_rf_true,ibnp_rf_fals,ibnp_rf_prec,ibnp_rf_rec,ibnp_rf_f1,ibnp_rf_auc,ibnp_adaboost_acc,ibnp_adaboost_true,ibnp_adaboost_fals,ibnp_adaboost_prec,ibnp_adaboost_rec,ibnp_adaboost_f1,ibnp_adaboost_auc
GradDiff,0.5742,0.5672,0.5812,22,0.5752,0.5672,0.5712,0.6078,0.5576,0.5079,0.6073,20,0.564,0.5079,0.5344,0.5643,0.5654,0.5672,0.5637,13,0.5652,0.5672,0.5662,0.5804,0.6126,0.5916,0.6335,0.6175,0.5916,0.6043,0.6495,0.555,0.548,0.562,0.5558,0.548,0.5518,0.5839,0.5672,0.5602,0.5742,0.5681,0.5602,0.5641,0.583,0.6021,0.5881,0.6161,0.605,0.5881,0.5965,0.5637,0.4939,0.6335,0.574,0.4939,0.531,0.6003,0.5881,0.6126,0.6029,0.5881,0.5954,0.6047,0.5881,0.6213,0.6083,0.5881,0.598,0.6534,0.5558,0.5288,0.5829,0.559,0.5288,0.5435,0.6029,0.5794,0.5602,0.5986,0.5826,0.5602,0.5712,0.6083,0.6038,0.6143,0.5934,0.6017,0.6143,0.6079,0.6431,0.5558,0.5061,0.6056,0.562,0.5061,0.5326,0.5843,0.5471,0.5462,0.548,0.5472,0.5462,0.5467,0.5742,0.5864,0.5602,0.6126,0.5912,0.5602,0.5753,0.6174,0.5462,0.452,0.6405,0.557,0.452,0.499,0.5744,0.5471,0.5183,0.5759,0.55,0.5183,0.5337,0.5578,0.5864,0.5602,0.6126,0.5912,0.5602,0.5753,0.6174,0.5489,0.4572,0.6405,0.5598,0.4572,0.5034,0.5816,0.5558,0.548,0.5637,0.5567,0.548,0.5523,0.5637,0.589,0.5759,0.6021,0.5914,0.5759,0.5836,0.6058,0.5428,0.5009,0.5846,0.5467,0.5009,0.5228,0.5713,0.5393,0.5148,0.5637,0.5413,0.5148,0.5277,0.5575,0.5558,0.5532,0.5585,0.5561,0.5532,0.5547,0.5836,0.5602,0.5428,0.5777,0.5624,0.5428,0.5524,0.5883,0.5349,0.4974,0.5724,0.5377,0.4974,0.5168,0.5617
RMU,0.5742,0.5218,0.6265,9,0.5828,0.5218,0.5506,0.6097,0.5672,0.4869,0.6475,7,0.58,0.4869,0.5294,0.5884,0.5436,0.5253,0.562,1,0.5453,0.5253,0.5351,0.5656,0.5567,0.5253,0.5881,0.5605,0.5253,0.5423,0.579,0.5358,0.4223,0.6492,0.5463,0.4223,0.4764,0.5459,0.514,0.4991,0.5288,0.5144,0.4991,0.5066,0.5135,0.5576,0.5707,0.5445,0.5561,0.5707,0.5633,0.548,0.4974,0.5986,0.5534,0.4974,0.5239,0.541,0.5148,0.5672,0.5433,0.5148,0.5287,0.5681,0.5759,0.5602,0.567,0.5759,0.5714,0.6009,0.5585,0.5375,0.5794,0.561,0.5375,0.549,0.5626,0.5436,0.5375,0.5497,0.5442,0.5375,0.5408,0.5627,0.5812,0.5724,0.5899,0.5826,0.5724,0.5775,0.6116,0.5637,0.4485,0.6789,0.5828,0.4485,0.5069,0.5762,0.5541,0.5201,0.5881,0.5581,0.5201,0.5384,0.5462,0.5663,0.5515,0.5812,0.5683,0.5515,0.5598,0.6074,0.5497,0.4328,0.6667,0.5649,0.4328,0.4901,0.5818,0.5375,0.4904,0.5846,0.5414,0.4904,0.5147,0.556,0.5663,0.5515,0.5812,0.5683,0.5515,0.5598,0.6074,0.562,0.4415,0.6824,0.5816,0.4415,0.502,0.5842,0.5366,0.4887,0.5846,0.5405,0.4887,0.5133,0.5471,0.5314,0.5009,0.562,0.5335,0.5009,0.5167,0.5515,0.5035,0.4328,0.5742,0.5041,0.4328,0.4657,0.5142,0.548,0.534,0.562,0.5494,0.534,0.5416,0.5496,0.5524,0.5358,0.5689,0.5542,0.5358,0.5448,0.5825,0.5663,0.5585,0.5742,0.5674,0.5585,0.5629,0.5981,0.5288,0.5497,0.5079,0.5276,0.5497,0.5385,0.5471
RMU-LAT,0.5663,0.5637,0.5689,13,0.5667,0.5637,0.5652,0.5966,0.5593,0.4921,0.6265,6,0.5685,0.4921,0.5276,0.5799,0.5436,0.5253,0.562,1,0.5453,0.5253,0.5351,0.5656,0.5611,0.555,0.5672,0.5618,0.555,0.5584,0.6002,0.5384,0.4276,0.6492,0.5493,0.4276,0.4809,0.5455,0.5332,0.5166,0.5497,0.5343,0.5166,0.5253,0.537,0.5777,0.5707,0.5846,0.5788,0.5707,0.5747,0.5515,0.5009,0.6021,0.5573,0.5009,0.5276,0.562,0.5497,0.5742,0.5635,0.5497,0.5565,0.5838,0.5777,0.5899,0.5848,0.5777,0.5812,0.6183,0.5602,0.541,0.5794,0.5626,0.541,0.5516,0.5804,0.5567,0.5777,0.5358,0.5544,0.5777,0.5658,0.5637,0.5733,0.5585,0.5881,0.5755,0.5585,0.5669,0.6118,0.5428,0.3962,0.6894,0.5605,0.3962,0.4642,0.5729,0.5358,0.4887,0.5829,0.5395,0.4887,0.5128,0.5417,0.5716,0.5445,0.5986,0.5756,0.5445,0.5596,0.6088,0.5314,0.4363,0.6265,0.5388,0.4363,0.4822,0.5559,0.5384,0.4764,0.6003,0.5438,0.4764,0.5079,0.5548,0.5716,0.5445,0.5986,0.5756,0.5445,0.5596,0.6088,0.5393,0.4415,0.637,0.5488,0.4415,0.4894,0.5558,0.5489,0.5026,0.5951,0.5538,0.5026,0.527,0.5567,0.5471,0.548,0.5462,0.547,0.548,0.5475,0.5815,0.5506,0.4939,0.6073,0.5571,0.4939,0.5236,0.5628,0.5393,0.5026,0.5759,0.5424,0.5026,0.5217,0.5592,0.5462,0.5271,0.5654,0.5481,0.5271,0.5374,0.5817,0.5689,0.534,0.6038,0.5741,0.534,0.5533,0.5957,0.5436,0.5812,0.5061,0.5406,0.5812,0.5601,0.5739
RepNoise,0.5777,0.5462,0.6091,17,0.5829,0.5462,0.564,0.5949,0.5401,0.5201,0.5602,1,0.5418,0.5201,0.5307,0.5759,0.5288,0.5131,0.5445,8,0.5297,0.5131,0.5213,0.5368,0.5873,0.5689,0.6056,0.5906,0.5689,0.5796,0.6133,0.5454,0.4014,0.6894,0.5637,0.4014,0.4689,0.5722,0.5297,0.5026,0.5567,0.5314,0.5026,0.5166,0.5455,0.5846,0.5375,0.6318,0.5934,0.5375,0.5641,0.5654,0.4764,0.6545,0.5796,0.4764,0.523,0.555,0.5096,0.6003,0.5605,0.5096,0.5338,0.589,0.5497,0.6283,0.5966,0.5497,0.5722,0.6195,0.5654,0.5009,0.63,0.5752,0.5009,0.5354,0.5872,0.5646,0.5201,0.6091,0.5709,0.5201,0.5443,0.5914,0.5977,0.5899,0.6056,0.5993,0.5899,0.5945,0.6268,0.5524,0.4031,0.7016,0.5746,0.4031,0.4738,0.57,0.5637,0.5445,0.5829,0.5662,0.5445,0.5552,0.5891,0.582,0.5497,0.6143,0.5877,0.5497,0.5681,0.6139,0.5515,0.438,0.6649,0.5666,0.438,0.4941,0.5773,0.5567,0.4782,0.6353,0.5673,0.4782,0.5189,0.5614,0.582,0.5497,0.6143,0.5877,0.5497,0.5681,0.6139,0.541,0.4328,0.6492,0.5523,0.4328,0.4853,0.57,0.5471,0.4485,0.6457,0.5587,0.4485,0.4976,0.5622,0.5785,0.5462,0.6108,0.584,0.5462,0.5645,0.5896,0.5297,0.3909,0.6684,0.5411,0.3909,0.4539,0.5399,0.5358,0.4433,0.6283,0.5439,0.4433,0.4885,0.5415,0.5576,0.5358,0.5794,0.5602,0.5358,0.5477,0.5804,0.5672,0.5428,0.5916,0.5706,0.5428,0.5564,0.6047,0.5419,0.5096,0.5742,0.5448,0.5096,0.5266,0.5707
ELM,0.5489,0.5445,0.5532,5,0.5493,0.5445,0.5469,0.5725,0.5506,0.4939,0.6073,9,0.5571,0.4939,0.5236,0.5666,0.5183,0.5358,0.5009,21,0.5177,0.5358,0.5266,0.5427,0.5934,0.5881,0.5986,0.5944,0.5881,0.5912,0.616,0.5436,0.4869,0.6003,0.5492,0.4869,0.5162,0.5546,0.5419,0.534,0.5497,0.5426,0.534,0.5383,0.5535,0.5724,0.5323,0.6126,0.5787,0.5323,0.5545,0.5785,0.5113,0.6457,0.5907,0.5113,0.5482,0.5846,0.5777,0.5916,0.5858,0.5777,0.5817,0.5759,0.5305,0.6213,0.5835,0.5305,0.5558,0.6206,0.575,0.5375,0.6126,0.5811,0.5375,0.5585,0.6023,0.5733,0.5253,0.6213,0.5811,0.5253,0.5518,0.5793,0.5829,0.5864,0.5794,0.5823,0.5864,0.5843,0.6176,0.555,0.466,0.644,0.5669,0.466,0.5115,0.5688,0.5515,0.5724,0.5305,0.5494,0.5724,0.5607,0.5676,0.5855,0.5672,0.6038,0.5888,0.5672,0.5778,0.6208,0.5471,0.4887,0.6056,0.5534,0.4887,0.519,0.564,0.5506,0.562,0.5393,0.5495,0.562,0.5557,0.5695,0.5855,0.5672,0.6038,0.5888,0.5672,0.5778,0.6209,0.5471,0.4991,0.5951,0.5521,0.4991,0.5243,0.5635,0.5462,0.4991,0.5934,0.5511,0.4991,0.5238,0.5643,0.5646,0.5707,0.5585,0.5638,0.5707,0.5672,0.5957,0.548,0.4974,0.5986,0.5534,0.4974,0.5239,0.5604,0.5375,0.5113,0.5637,0.5396,0.5113,0.5251,0.5544,0.5567,0.534,0.5794,0.5594,0.534,0.5464,0.5842,0.5628,0.5323,0.5934,0.5669,0.5323,0.5491,0.5796,0.5742,0.5899,0.5585,0.5719,0.5899,0.5808,0.5934
RR,0.582,0.5358,0.6283,12,0.5904,0.5358,0.5618,0.5997,0.5401,0.5183,0.562,3,0.542,0.5183,0.5299,0.5657,0.5515,0.5323,0.5707,14,0.5535,0.5323,0.5427,0.5679,0.5812,0.5585,0.6038,0.585,0.5585,0.5714,0.6211,0.5244,0.4468,0.6021,0.5289,0.4468,0.4844,0.5426,0.548,0.5009,0.5951,0.553,0.5009,0.5256,0.5463,0.6152,0.5812,0.6492,0.6236,0.5812,0.6016,0.5524,0.4956,0.6091,0.5591,0.4956,0.5254,0.548,0.5271,0.5689,0.5501,0.5271,0.5383,0.6126,0.5846,0.6405,0.6192,0.5846,0.6014,0.6425,0.5524,0.5183,0.5864,0.5562,0.5183,0.5366,0.5673,0.548,0.4991,0.5969,0.5532,0.4991,0.5248,0.5481,0.5864,0.5794,0.5934,0.5876,0.5794,0.5835,0.63,0.5375,0.4136,0.6614,0.5499,0.4136,0.4721,0.568,0.5454,0.5201,0.5707,0.5478,0.5201,0.5336,0.554,0.5899,0.5689,0.6108,0.5938,0.5689,0.5811,0.6188,0.5462,0.4398,0.6527,0.5588,0.4398,0.4922,0.571,0.5663,0.562,0.5707,0.5669,0.562,0.5644,0.583,0.5899,0.5689,0.6108,0.5938,0.5689,0.5811,0.6188,0.548,0.4485,0.6475,0.5599,0.4485,0.4981,0.5695,0.5663,0.562,0.5707,0.5669,0.562,0.5644,0.5831,0.5611,0.5585,0.5637,0.5614,0.5585,0.5599,0.6016,0.5558,0.4782,0.6335,0.5661,0.4782,0.5184,0.5721,0.5358,0.534,0.5375,0.5359,0.534,0.535,0.5411,0.5654,0.555,0.5759,0.5668,0.555,0.5608,0.5879,0.5654,0.5637,0.5672,0.5657,0.5637,0.5647,0.5943,0.5436,0.5567,0.5305,0.5425,0.5567,0.5495,0.5576
TAR,0.5803,0.5864,0.5742,20,0.5793,0.5864,0.5828,0.6091,0.5602,0.534,0.5864,1,0.5635,0.534,0.5484,0.5984,0.5602,0.5515,0.5689,4,0.5613,0.5515,0.5563,0.5737,0.5864,0.5794,0.5934,0.5876,0.5794,0.5835,0.6371,0.5497,0.4956,0.6038,0.5558,0.4956,0.524,0.5636,0.5567,0.5288,0.5846,0.5601,0.5288,0.544,0.5653,0.5925,0.5742,0.6108,0.596,0.5742,0.5849,0.5654,0.5009,0.63,0.5752,0.5009,0.5354,0.5803,0.562,0.5986,0.5833,0.562,0.5724,0.5908,0.5812,0.6003,0.5925,0.5812,0.5868,0.6294,0.5593,0.5323,0.5864,0.5627,0.5323,0.5471,0.5889,0.5908,0.5689,0.6126,0.5949,0.5689,0.5816,0.6141,0.5977,0.5532,0.6422,0.6073,0.5532,0.579,0.6468,0.5742,0.4834,0.6649,0.5906,0.4834,0.5317,0.5844,0.5428,0.5323,0.5532,0.5437,0.5323,0.5379,0.5546,0.5969,0.548,0.6457,0.6074,0.548,0.5761,0.6289,0.5227,0.4642,0.5812,0.5257,0.4642,0.493,0.5367,0.5314,0.466,0.5969,0.5361,0.466,0.4986,0.5462,0.5969,0.548,0.6457,0.6074,0.548,0.5761,0.6289,0.5192,0.4538,0.5846,0.5221,0.4538,0.4855,0.5368,0.5271,0.4852,0.5689,0.5295,0.4852,0.5064,0.5317,0.5742,0.5462,0.6021,0.5786,0.5462,0.5619,0.6153,0.5515,0.4764,0.6265,0.5606,0.4764,0.5151,0.5729,0.5471,0.548,0.5462,0.547,0.548,0.5475,0.5603,0.5436,0.5218,0.5654,0.5456,0.5218,0.5335,0.5707,0.555,0.4956,0.6143,0.5624,0.4956,0.5269,0.5883,0.5358,0.5323,0.5393,0.536,0.5323,0.5342,0.5616
PB&J,0.5532,0.5759,0.5305,18,0.5509,0.5759,0.5631,0.5734,0.5297,0.5009,0.5585,2,0.5315,0.5009,0.5157,0.5696,0.562,0.5497,0.5742,1,0.5635,0.5497,0.5565,0.5831,0.5716,0.5812,0.562,0.5702,0.5812,0.5756,0.5852,0.555,0.5428,0.5672,0.5564,0.5428,0.5495,0.5701,0.5314,0.5393,0.5236,0.5309,0.5393,0.5351,0.5384,0.5724,0.5881,0.5567,0.5702,0.5881,0.579,0.5349,0.4677,0.6021,0.5403,0.4677,0.5014,0.5585,0.5462,0.5707,0.5599,0.5462,0.553,0.5707,0.5864,0.555,0.5685,0.5864,0.5773,0.596,0.5393,0.4921,0.5864,0.5434,0.4921,0.5165,0.5535,0.5506,0.541,0.5602,0.5516,0.541,0.5463,0.5687,0.5742,0.5812,0.5672,0.5731,0.5812,0.5771,0.611,0.5323,0.4101,0.6545,0.5427,0.4101,0.4672,0.5638,0.5253,0.4869,0.5637,0.5274,0.4869,0.5064,0.5294,0.5716,0.5428,0.6003,0.5759,0.5428,0.5588,0.6028,0.5236,0.3979,0.6492,0.5315,0.3979,0.4551,0.5521,0.5384,0.4956,0.5812,0.542,0.4956,0.5178,0.5535,0.5716,0.5428,0.6003,0.5759,0.5428,0.5588,0.6029,0.5384,0.4293,0.6475,0.5491,0.4293,0.4819,0.5624,0.5227,0.4921,0.5532,0.5242,0.4921,0.5077,0.5413,0.5558,0.5829,0.5288,0.553,0.5829,0.5675,0.5812,0.5061,0.466,0.5462,0.5066,0.466,0.4855,0.5266,0.514,0.4729,0.555,0.5152,0.4729,0.4932,0.5352,0.5541,0.548,0.5602,0.5548,0.548,0.5514,0.5831,0.5672,0.548,0.5864,0.5699,0.548,0.5587,0.5912,0.5462,0.5497,0.5428,0.5459,0.5497,0.5478,0.5684
Llama3-8B,0.6894,0.6702,0.7086,23,0.6969,0.6702,0.6833,0.7447,0.6963,0.7103,0.6824,16,0.691,0.7103,0.7005,0.7849,0.6754,0.6806,0.6702,31,0.6736,0.6806,0.6771,0.7575,0.7068,0.7033,0.7103,0.7083,0.7033,0.7058,0.7908,0.7024,0.6981,0.7068,0.7042,0.6981,0.7011,0.7758,0.6745,0.6387,0.7103,0.688,0.6387,0.6624,0.7354,0.6832,0.6771,0.6894,0.6855,0.6771,0.6813,0.6981,0.7033,0.6928,0.696,0.7033,0.6997,0.699,0.6963,0.7016,0.7,0.6963,0.6982,0.6894,0.6824,0.6963,0.692,0.6824,0.6872,0.7625,0.7059,0.719,0.6928,0.7007,0.719,0.7097,0.7932,0.7138,0.7155,0.712,0.713,0.7155,0.7143,0.7979,0.7033,0.7225,0.6841,0.6958,0.7225,0.7089,0.7795,0.7086,0.712,0.7051,0.7071,0.712,0.7096,0.7706,0.6867,0.6806,0.6928,0.689,0.6806,0.6848,0.7542,0.5646,0.5375,0.5916,0.5683,0.5375,0.5525,0.6043,0.5681,0.4729,0.6632,0.5841,0.4729,0.5227,0.5679,0.534,0.534,0.534,0.534,0.534,0.534,0.5438,0.5646,0.5375,0.5916,0.5683,0.5375,0.5525,0.6043,0.5515,0.445,0.6579,0.5654,0.445,0.498,0.5567,0.5454,0.5689,0.5218,0.5433,0.5689,0.5558,0.5528,0.6841,0.7033,0.6649,0.6773,0.7033,0.6901,0.7715,0.6955,0.6736,0.7173,0.7044,0.6736,0.6887,0.7624,0.6728,0.6684,0.6771,0.6743,0.6684,0.6713,0.7351,0.5742,0.541,0.6073,0.5794,0.541,0.5596,0.604,0.5576,0.4939,0.6213,0.566,0.4939,0.5275,0.5845,0.5375,0.4712,0.6038,0.5433,0.4712,0.5047,0.5518
