method,question_idx,subset,t_ext_drop,t_int_drop,ext_censored,int_censored,suppression_lag
GradDiff,3,retained,4,0,False,False,-4
GradDiff,17,suppressed,3,9,False,True,6
GradDiff,26,retained,3,3,False,False,0
GradDiff,34,retained,3,9,False,True,6
GradDiff,39,retained,4,9,False,True,5
GradDiff,41,retained,3,2,False,False,-1
GradDiff,46,suppressed,1,5,False,False,4
GradDiff,57,retained,4,2,False,False,-2
GradDiff,59,retained,4,4,False,False,0
GradDiff,63,retained,3,9,False,True,6
GradDiff,67,retained,9,2,True,False,-7
GradDiff,68,retained,3,9,False,True,6
GradDiff,74,retained,9,9,True,True,0
GradDiff,90,retained,9,9,True,True,0
GradDiff,95,retained,9,3,True,False,-6
GradDiff,105,retained,3,3,False,False,0
GradDiff,108,lucky,1,1,False,False,0
GradDiff,109,forgotten,5,3,False,False,-2
GradDiff,118,suppressed,6,1,False,False,-5
GradDiff,137,suppressed,2,9,False,True,7
GradDiff,145,retained,3,1,False,False,-2
GradDiff,161,retained,9,9,True,True,0
GradDiff,162,retained,5,9,False,True,4
GradDiff,167,retained,9,9,True,True,0
GradDiff,172,suppressed,2,2,False,False,0
GradDiff,174,retained,3,9,False,True,6
GradDiff,178,suppressed,1,9,False,True,8
GradDiff,188,forgotten,1,9,False,True,8
GradDiff,190,suppressed,8,9,False,True,1
GradDiff,191,retained,3,1,False,False,-2
GradDiff,200,retained,3,9,False,True,6
GradDiff,205,suppressed,5,9,False,True,4
GradDiff,207,suppressed,1,9,False,True,8
GradDiff,209,suppressed,3,3,False,False,0
GradDiff,216,retained,9,9,True,True,0
GradDiff,226,forgotten,4,3,False,False,-1
GradDiff,229,forgotten,3,0,False,False,-3
GradDiff,246,lucky,1,9,False,True,8
GradDiff,247,retained,6,9,False,True,3
GradDiff,256,retained,5,0,False,False,-5
GradDiff,298,lucky,3,2,False,False,-1
GradDiff,308,retained,4,3,False,False,-1
GradDiff,314,retained,9,9,True,True,0
GradDiff,317,suppressed,5,9,False,True,4
GradDiff,329,retained,4,4,False,False,0
GradDiff,333,retained,9,9,True,True,0
GradDiff,335,retained,3,4,False,False,1
GradDiff,338,retained,2,9,False,True,7
GradDiff,339,retained,4,9,False,True,5
GradDiff,345,retained,1,2,False,False,1
GradDiff,348,retained,4,3,False,False,-1
GradDiff,349,retained,4,3,False,False,-1
GradDiff,351,retained,3,9,False,True,6
GradDiff,353,retained,5,9,False,True,4
GradDiff,355,retained,3,2,False,False,-1
GradDiff,357,forgotten,5,9,False,True,4
GradDiff,359,suppressed,3,4,False,False,1
GradDiff,362,retained,4,9,False,True,5
GradDiff,364,retained,3,9,False,True,6
GradDiff,366,retained,6,9,False,True,3
GradDiff,372,retained,3,9,False,True,6
GradDiff,373,retained,2,9,False,True,7
GradDiff,375,retained,2,4,False,False,2
GradDiff,376,suppressed,5,9,False,True,4
GradDiff,397,retained,9,4,True,False,-5
GradDiff,399,retained,9,9,True,True,0
GradDiff,400,suppressed,5,3,False,False,-2
GradDiff,405,suppressed,2,9,False,True,7
GradDiff,407,retained,3,9,False,True,6
GradDiff,411,forgotten,1,0,False,False,-1
GradDiff,414,retained,1,0,False,False,-1
GradDiff,415,suppressed,5,3,False,False,-2
GradDiff,422,retained,9,0,True,False,-9
GradDiff,424,forgotten,3,3,False,False,0
GradDiff,436,retained,9,4,True,False,-5
GradDiff,438,suppressed,5,9,False,True,4
GradDiff,443,lucky,1,9,False,True,8
GradDiff,452,retained,9,9,True,True,0
GradDiff,462,retained,9,9,True,True,0
GradDiff,478,suppressed,3,3,False,False,0
GradDiff,481,retained,3,9,False,True,6
GradDiff,482,suppressed,3,1,False,False,-2
GradDiff,485,forgotten,3,1,False,False,-2
GradDiff,497,retained,4,4,False,False,0
GradDiff,519,retained,9,3,True,False,-6
GradDiff,523,suppressed,3,9,False,True,6
GradDiff,532,forgotten,5,2,False,False,-3
GradDiff,534,suppressed,4,4,False,False,0
GradDiff,545,retained,3,9,False,True,6
GradDiff,552,suppressed,3,9,False,True,6
GradDiff,554,retained,4,9,False,True,5
GradDiff,555,retained,9,9,True,True,0
GradDiff,559,retained,3,9,False,True,6
GradDiff,566,suppressed,4,9,False,True,5
GradDiff,568,suppressed,3,9,False,True,6
GradDiff,570,retained,9,9,True,True,0
GradDiff,576,retained,5,9,False,True,4
GradDiff,577,retained,9,9,True,True,0
GradDiff,584,suppressed,3,9,False,True,6
GradDiff,587,retained,5,9,False,True,4
GradDiff,591,suppressed,4,9,False,True,5
GradDiff,594,retained,1,0,False,False,-1
GradDiff,600,retained,3,9,False,True,6
GradDiff,604,retained,6,9,False,True,3
GradDiff,605,retained,4,9,False,True,5
GradDiff,617,retained,4,9,False,True,5
GradDiff,622,retained,6,9,False,True,3
GradDiff,624,retained,3,9,False,True,6
GradDiff,628,retained,5,9,False,True,4
GradDiff,633,retained,3,9,False,True,6
GradDiff,638,retained,9,9,True,True,0
GradDiff,641,suppressed,5,3,False,False,-2
GradDiff,642,retained,4,9,False,True,5
GradDiff,644,suppressed,6,9,False,True,3
GradDiff,645,retained,3,9,False,True,6
GradDiff,649,retained,3,9,False,True,6
GradDiff,652,suppressed,1,9,False,True,8
GradDiff,654,suppressed,3,1,False,False,-2
GradDiff,658,retained,3,9,False,True,6
GradDiff,661,retained,3,9,False,True,6
GradDiff,667,retained,5,9,False,True,4
GradDiff,669,retained,3,4,False,False,1
GradDiff,672,suppressed,3,4,False,False,1
GradDiff,675,retained,9,9,True,True,0
GradDiff,678,retained,9,9,True,True,0
GradDiff,681,retained,6,9,False,True,3
GradDiff,687,suppressed,5,9,False,True,4
GradDiff,693,retained,4,4,False,False,0
GradDiff,696,retained,3,9,False,True,6
GradDiff,700,retained,3,9,False,True,6
GradDiff,702,retained,3,3,False,False,0
GradDiff,703,retained,3,9,False,True,6
GradDiff,704,retained,3,9,False,True,6
GradDiff,706,forgotten,2,4,False,False,2
GradDiff,707,retained,3,9,False,True,6
GradDiff,709,retained,3,9,False,True,6
GradDiff,712,suppressed,3,2,False,False,-1
GradDiff,713,retained,1,9,False,True,8
GradDiff,720,retained,2,9,False,True,7
GradDiff,722,suppressed,5,2,False,False,-3
GradDiff,724,lucky,3,3,False,False,0
GradDiff,726,forgotten,3,6,False,False,3
GradDiff,730,retained,3,9,False,True,6
GradDiff,732,retained,4,9,False,True,5
GradDiff,733,retained,3,2,False,False,-1
GradDiff,739,suppressed,5,9,False,True,4
GradDiff,746,retained,9,9,True,True,0
GradDiff,749,retained,2,9,False,True,7
GradDiff,750,retained,3,4,False,False,1
GradDiff,751,retained,3,9,False,True,6
GradDiff,752,retained,3,9,False,True,6
GradDiff,760,suppressed,1,5,False,False,4
GradDiff,763,retained,3,3,False,False,0
GradDiff,764,retained,6,9,False,True,3
GradDiff,769,retained,2,9,False,True,7
GradDiff,770,retained,3,9,False,True,6
GradDiff,779,retained,9,9,True,True,0
GradDiff,781,retained,3,3,False,False,0
GradDiff,786,retained,3,9,False,True,6
GradDiff,788,retained,2,9,False,True,7
GradDiff,793,suppressed,4,4,False,False,0
GradDiff,798,retained,3,9,False,True,6
GradDiff,799,retained,3,9,False,True,6
GradDiff,805,suppressed,5,4,False,False,-1
GradDiff,806,retained,3,9,False,True,6
GradDiff,807,retained,9,9,True,True,0
GradDiff,812,retained,4,9,False,True,5
GradDiff,816,retained,2,4,False,False,2
GradDiff,817,retained,5,9,False,True,4
GradDiff,818,retained,4,9,False,True,5
GradDiff,820,retained,9,9,True,True,0
GradDiff,821,suppressed,2,9,False,True,7
GradDiff,824,retained,9,4,True,False,-5
GradDiff,830,retained,3,3,False,False,0
GradDiff,831,retained,3,9,False,True,6
GradDiff,836,retained,2,9,False,True,7
GradDiff,837,retained,3,9,False,True,6
GradDiff,838,retained,9,9,True,True,0
GradDiff,840,retained,9,9,True,True,0
GradDiff,842,retained,3,9,False,True,6
GradDiff,843,retained,4,9,False,True,5
GradDiff,851,retained,9,9,True,True,0
GradDiff,852,retained,4,9,False,True,5
GradDiff,853,suppressed,5,9,False,True,4
GradDiff,855,retained,4,9,False,True,5
GradDiff,860,retained,4,9,False,True,5
GradDiff,861,retained,9,9,True,True,0
GradDiff,863,suppressed,1,9,False,True,8
GradDiff,867,retained,1,9,False,True,8
GradDiff,869,retained,3,9,False,True,6
GradDiff,871,retained,9,2,True,False,-7
GradDiff,873,retained,4,9,False,True,5
GradDiff,877,forgotten,5,1,False,False,-4
GradDiff,880,retained,3,9,False,True,6
GradDiff,882,retained,3,9,False,True,6
GradDiff,884,retained,5,9,False,True,4
GradDiff,888,retained,2,9,False,True,7
GradDiff,889,retained,5,9,False,True,4
GradDiff,893,retained,3,9,False,True,6
GradDiff,894,retained,5,9,False,True,4
GradDiff,900,retained,3,9,False,True,6
GradDiff,903,retained,3,9,False,True,6
GradDiff,906,suppressed,3,9,False,True,6
GradDiff,908,retained,3,3,False,False,0
GradDiff,912,retained,9,9,True,True,0
GradDiff,915,retained,4,2,False,False,-2
GradDiff,916,retained,9,9,True,True,0
GradDiff,917,suppressed,2,9,False,True,7
GradDiff,919,suppressed,3,9,False,True,6
GradDiff,921,suppressed,3,9,False,True,6
GradDiff,924,retained,3,9,False,True,6
GradDiff,926,retained,3,9,False,True,6
GradDiff,928,retained,3,9,False,True,6
GradDiff,933,retained,9,9,True,True,0
GradDiff,944,retained,9,4,True,False,-5
GradDiff,946,retained,3,9,False,True,6
GradDiff,947,suppressed,1,2,False,False,1
GradDiff,949,retained,2,9,False,True,7
GradDiff,951,suppressed,3,9,False,True,6
GradDiff,956,retained,3,9,False,True,6
GradDiff,960,retained,3,9,False,True,6
GradDiff,961,retained,6,4,False,False,-2
GradDiff,962,retained,3,3,False,False,0
GradDiff,967,retained,3,1,False,False,-2
GradDiff,971,retained,3,9,False,True,6
GradDiff,973,suppressed,3,3,False,False,0
GradDiff,975,retained,9,9,True,True,0
GradDiff,977,forgotten,1,3,False,False,2
GradDiff,978,retained,2,9,False,True,7
GradDiff,981,retained,7,9,False,True,2
GradDiff,992,suppressed,3,3,False,False,0
GradDiff,993,retained,4,2,False,False,-2
GradDiff,994,suppressed,4,9,False,True,5
GradDiff,996,suppressed,8,9,False,True,1
GradDiff,998,retained,3,9,False,True,6
GradDiff,1000,suppressed,6,9,False,True,3
GradDiff,1007,retained,9,9,True,True,0
GradDiff,1008,suppressed,2,9,False,True,7
GradDiff,1009,forgotten,3,3,False,False,0
GradDiff,1012,suppressed,2,9,False,True,7
GradDiff,1013,retained,9,9,True,True,0
GradDiff,1014,retained,3,9,False,True,6
GradDiff,1020,retained,3,9,False,True,6
GradDiff,1028,forgotten,5,9,False,True,4
GradDiff,1029,retained,3,4,False,False,1
GradDiff,1031,retained,4,9,False,True,5
GradDiff,1034,retained,3,9,False,True,6
GradDiff,1037,retained,9,9,True,True,0
GradDiff,1039,suppressed,2,9,False,True,7
GradDiff,1043,retained,2,9,False,True,7
GradDiff,1046,retained,9,9,True,True,0
GradDiff,1054,forgotten,3,5,False,False,2
GradDiff,1056,retained,4,9,False,True,5
GradDiff,1057,suppressed,6,9,False,True,3
GradDiff,1058,retained,3,9,False,True,6
GradDiff,1059,suppressed,2,9,False,True,7
GradDiff,1060,retained,3,2,False,False,-1
GradDiff,1062,suppressed,2,9,False,True,7
GradDiff,1069,retained,4,2,False,False,-2
GradDiff,1081,retained,9,9,True,True,0
GradDiff,1087,retained,9,9,True,True,0
GradDiff,1089,retained,3,9,False,True,6
GradDiff,1091,retained,3,9,False,True,6
GradDiff,1093,suppressed,3,9,False,True,6
GradDiff,1095,suppressed,2,2,False,False,0
GradDiff,1097,retained,9,9,True,True,0
GradDiff,1100,forgotten,3,4,False,False,1
GradDiff,1102,suppressed,2,9,False,True,7
GradDiff,1109,retained,5,3,False,False,-2
GradDiff,1111,retained,4,9,False,True,5
GradDiff,1117,suppressed,3,9,False,True,6
GradDiff,1120,suppressed,4,9,False,True,5
GradDiff,1121,retained,5,9,False,True,4
GradDiff,1124,retained,4,3,False,False,-1
GradDiff,1126,retained,3,9,False,True,6
GradDiff,1129,retained,4,9,False,True,5
GradDiff,1135,retained,3,9,False,True,6
GradDiff,1136,retained,3,9,False,True,6
GradDiff,1138,retained,9,9,True,True,0
GradDiff,1146,retained,9,9,True,True,0
GradDiff,1147,retained,5,9,False,True,4
GradDiff,1149,retained,3,9,False,True,6
GradDiff,1151,retained,5,9,False,True,4
GradDiff,1154,suppressed,3,4,False,False,1
GradDiff,1155,retained,9,9,True,True,0
GradDiff,1157,retained,3,9,False,True,6
GradDiff,1160,suppressed,3,4,False,False,1
GradDiff,1161,retained,9,9,True,True,0
GradDiff,1165,retained,3,9,False,True,6
GradDiff,1169,retained,3,9,False,True,6
GradDiff,1171,retained,3,9,False,True,6
GradDiff,1172,retained,4,9,False,True,5
GradDiff,1174,retained,9,9,True,True,0
GradDiff,1176,retained,9,9,True,True,0
GradDiff,1178,suppressed,3,9,False,True,6
GradDiff,1179,suppressed,6,9,False,True,3
GradDiff,1180,suppressed,3,3,False,False,0
GradDiff,1184,retained,9,3,True,False,-6
GradDiff,1207,retained,9,9,True,True,0
GradDiff,1216,retained,3,0,False,False,-3
GradDiff,1221,retained,9,9,True,True,0
GradDiff,1233,retained,9,4,True,False,-5
GradDiff,1243,suppressed,5,9,False,True,4
GradDiff,1253,retained,9,2,True,False,-7
GradDiff,1262,retained,2,9,False,True,7
GradDiff,1264,retained,6,9,False,True,3
GradDiff,1271,retained,6,9,False,True,3
RMU-LAT,3,lucky,3,0,False,False,-3
RMU-LAT,17,suppressed,1,4,False,False,3
RMU-LAT,26,lucky,1,4,False,False,3
RMU-LAT,34,forgotten,1,2,False,False,1
RMU-LAT,39,retained,9,9,True,True,0
RMU-LAT,41,lucky,2,4,False,False,2
RMU-LAT,46,retained,9,9,True,True,0
RMU-LAT,57,retained,9,9,True,True,0
RMU-LAT,59,retained,9,9,True,True,0
RMU-LAT,63,suppressed,1,9,False,True,8
RMU-LAT,67,lucky,9,9,True,True,0
RMU-LAT,68,forgotten,1,9,False,True,8
RMU-LAT,74,retained,9,9,True,True,0
RMU-LAT,90,retained,9,9,True,True,0
RMU-LAT,95,retained,9,5,True,False,-4
RMU-LAT,105,retained,1,1,False,False,0
RMU-LAT,108,suppressed,1,2,False,False,1
RMU-LAT,109,lucky,1,2,False,False,1
RMU-LAT,118,lucky,9,1,True,False,-8
RMU-LAT,137,suppressed,4,9,False,True,5
RMU-LAT,145,retained,1,2,False,False,1
RMU-LAT,161,retained,9,9,True,True,0
RMU-LAT,162,retained,5,9,False,True,4
RMU-LAT,167,retained,3,9,False,True,6
RMU-LAT,172,suppressed,1,9,False,True,8
RMU-LAT,174,retained,3,9,False,True,6
RMU-LAT,178,suppressed,2,1,False,False,-1
RMU-LAT,188,forgotten,3,9,False,True,6
RMU-LAT,190,retained,9,9,True,True,0
RMU-LAT,191,retained,3,8,False,False,5
RMU-LAT,200,forgotten,4,9,False,True,5
RMU-LAT,205,retained,9,9,True,True,0
RMU-LAT,207,suppressed,1,9,False,True,8
RMU-LAT,209,suppressed,1,1,False,False,0
RMU-LAT,216,retained,9,9,True,True,0
RMU-LAT,226,forgotten,3,3,False,False,0
RMU-LAT,229,lucky,1,0,False,False,-1
RMU-LAT,246,retained,1,9,False,True,8
RMU-LAT,247,forgotten,1,9,False,True,8
RMU-LAT,256,suppressed,2,0,False,False,-2
RMU-LAT,298,retained,1,9,False,True,8
RMU-LAT,308,retained,9,9,True,True,0
RMU-LAT,314,retained,9,9,True,True,0
RMU-LAT,317,suppressed,2,2,False,False,0
RMU-LAT,329,retained,9,9,True,True,0
RMU-LAT,333,retained,9,9,True,True,0
RMU-LAT,335,retained,9,9,True,True,0
RMU-LAT,338,retained,9,9,True,True,0
RMU-LAT,339,retained,9,9,True,True,0
RMU-LAT,345,suppressed,1,1,False,False,0
RMU-LAT,348,suppressed,5,9,False,True,4
RMU-LAT,349,lucky,1,1,False,False,0
RMU-LAT,351,retained,9,9,True,True,0
RMU-LAT,353,retained,9,9,True,True,0
RMU-LAT,355,retained,9,9,True,True,0
RMU-LAT,357,retained,1,9,False,True,8
RMU-LAT,359,lucky,9,1,True,False,-8
RMU-LAT,362,forgotten,2,3,False,False,1
RMU-LAT,364,suppressed,1,9,False,True,8
RMU-LAT,366,retained,2,9,False,True,7
RMU-LAT,372,suppressed,1,9,False,True,8
RMU-LAT,373,retained,1,9,False,True,8
RMU-LAT,375,lucky,9,9,True,True,0
RMU-LAT,376,lucky,9,9,True,True,0
RMU-LAT,397,suppressed,1,1,False,False,0
RMU-LAT,399,retained,1,9,False,True,8
RMU-LAT,400,suppressed,5,7,False,False,2
RMU-LAT,405,forgotten,3,3,False,False,0
RMU-LAT,407,lucky,1,9,False,True,8
RMU-LAT,411,retained,3,0,False,False,-3
RMU-LAT,414,forgotten,2,0,False,False,-2
RMU-LAT,415,retained,2,1,False,False,-1
RMU-LAT,422,retained,9,0,True,False,-9
RMU-LAT,424,suppressed,2,1,False,False,-1
RMU-LAT,436,lucky,4,3,False,False,-1
RMU-LAT,438,retained,3,9,False,True,6
RMU-LAT,443,forgotten,1,9,False,True,8
RMU-LAT,452,retained,1,4,False,False,3
RMU-LAT,462,retained,9,1,True,False,-8
RMU-LAT,478,suppressed,2,2,False,False,0
RMU-LAT,481,retained,9,9,True,True,0
RMU-LAT,482,forgotten,1,2,False,False,1
RMU-LAT,485,lucky,1,1,False,False,0
RMU-LAT,497,retained,4,1,False,False,-3
RMU-LAT,519,retained,9,4,True,False,-5
RMU-LAT,523,forgotten,1,9,False,True,8
RMU-LAT,532,retained,9,6,True,False,-3
RMU-LAT,534,retained,9,9,True,True,0
RMU-LAT,545,lucky,9,8,True,False,-1
RMU-LAT,552,retained,9,9,True,True,0
RMU-LAT,554,retained,9,9,True,True,0
RMU-LAT,555,retained,9,9,True,True,0
RMU-LAT,559,forgotten,1,6,False,False,5
RMU-LAT,566,suppressed,5,9,False,True,4
RMU-LAT,568,forgotten,1,1,False,False,0
RMU-LAT,570,lucky,9,9,True,True,0
RMU-LAT,576,lucky,1,9,False,True,8
RMU-LAT,577,suppressed,3,9,False,True,6
RMU-LAT,584,suppressed,5,9,False,True,4
RMU-LAT,587,retained,9,9,True,True,0
RMU-LAT,591,retained,1,9,False,True,8
RMU-LAT,594,forgotten,2,0,False,False,-2
RMU-LAT,600,retained,9,9,True,True,0
RMU-LAT,604,retained,9,9,True,True,0
RMU-LAT,605,retained,9,9,True,True,0
RMU-LAT,617,retained,9,9,True,True,0
RMU-LAT,622,retained,9,9,True,True,0
RMU-LAT,624,suppressed,1,9,False,True,8
RMU-LAT,628,retained,1,9,False,True,8
RMU-LAT,633,retained,1,9,False,True,8
RMU-LAT,638,retained,9,9,True,True,0
RMU-LAT,641,retained,4,9,False,True,5
RMU-LAT,642,suppressed,1,9,False,True,8
RMU-LAT,644,forgotten,1,9,False,True,8
RMU-LAT,645,retained,9,9,True,True,0
RMU-LAT,649,lucky,1,9,False,True,8
RMU-LAT,652,suppressed,1,9,False,True,8
RMU-LAT,654,suppressed,1,2,False,False,1
RMU-LAT,658,retained,1,9,False,True,8
RMU-LAT,661,suppressed,1,9,False,True,8
RMU-LAT,667,forgotten,1,9,False,True,8
RMU-LAT,669,lucky,2,5,False,False,3
RMU-LAT,672,forgotten,2,9,False,True,7
RMU-LAT,675,suppressed,1,9,False,True,8
RMU-LAT,678,retained,9,9,True,True,0
RMU-LAT,681,retained,9,9,True,True,0
RMU-LAT,687,lucky,1,8,False,False,7
RMU-LAT,693,retained,9,1,True,False,-8
RMU-LAT,696,retained,9,9,True,True,0
RMU-LAT,700,lucky,9,4,True,False,-5
RMU-LAT,702,lucky,9,1,True,False,-8
RMU-LAT,703,forgotten,4,9,False,True,5
RMU-LAT,704,retained,9,9,True,True,0
RMU-LAT,706,forgotten,3,7,False,False,4
RMU-LAT,707,retained,9,9,True,True,0
RMU-LAT,709,lucky,5,9,False,True,4
RMU-LAT,712,retained,9,1,True,False,-8
RMU-LAT,713,forgotten,8,9,False,True,1
RMU-LAT,720,lucky,6,9,False,True,3
RMU-LAT,722,lucky,9,5,True,False,-4
RMU-LAT,724,forgotten,1,5,False,False,4
RMU-LAT,726,forgotten,1,9,False,True,8
RMU-LAT,730,retained,1,9,False,True,8
RMU-LAT,732,lucky,9,9,True,True,0
RMU-LAT,733,retained,2,1,False,False,-1
RMU-LAT,739,suppressed,2,9,False,True,7
RMU-LAT,746,retained,9,9,True,True,0
RMU-LAT,749,retained,1,9,False,True,8
RMU-LAT,750,retained,5,9,False,True,4
RMU-LAT,751,lucky,1,1,False,False,0
RMU-LAT,752,retained,1,9,False,True,8
RMU-LAT,760,suppressed,1,2,False,False,1
RMU-LAT,763,retained,4,2,False,False,-2
RMU-LAT,764,retained,4,9,False,True,5
RMU-LAT,769,retained,1,4,False,False,3
RMU-LAT,770,retained,9,9,True,True,0
RMU-LAT,779,suppressed,5,9,False,True,4
RMU-LAT,781,suppressed,4,9,False,True,5
RMU-LAT,786,forgotten,2,2,False,False,0
RMU-LAT,788,retained,1,9,False,True,8
RMU-LAT,793,retained,1,6,False,False,5
RMU-LAT,798,suppressed,2,3,False,False,1
RMU-LAT,799,suppressed,5,9,False,True,4
RMU-LAT,805,retained,5,1,False,False,-4
RMU-LAT,806,retained,9,9,True,True,0
RMU-LAT,807,lucky,9,2,True,False,-7
RMU-LAT,812,suppressed,2,9,False,True,7
RMU-LAT,816,retained,9,9,True,True,0
RMU-LAT,817,retained,2,9,False,True,7
RMU-LAT,818,lucky,9,3,True,False,-6
RMU-LAT,820,retained,1,9,False,True,8
RMU-LAT,821,retained,3,9,False,True,6
RMU-LAT,824,lucky,1,1,False,False,0
RMU-LAT,830,retained,1,3,False,False,2
RMU-LAT,831,retained,1,9,False,True,8
RMU-LAT,836,lucky,3,2,False,False,-1
RMU-LAT,837,lucky,1,9,False,True,8
RMU-LAT,838,suppressed,2,9,False,True,7
RMU-LAT,840,retained,9,9,True,True,0
RMU-LAT,842,retained,3,9,False,True,6
RMU-LAT,843,lucky,2,2,False,False,0
RMU-LAT,851,retained,1,9,False,True,8
RMU-LAT,852,retained,9,9,True,True,0
RMU-LAT,853,retained,9,9,True,True,0
RMU-LAT,855,retained,2,9,False,True,7
RMU-LAT,860,retained,9,9,True,True,0
RMU-LAT,861,retained,9,9,True,True,0
RMU-LAT,863,forgotten,1,9,False,True,8
RMU-LAT,867,retained,2,1,False,False,-1
RMU-LAT,869,retained,9,9,True,True,0
RMU-LAT,871,lucky,9,1,True,False,-8
RMU-LAT,873,lucky,9,9,True,True,0
RMU-LAT,877,lucky,1,2,False,False,1
RMU-LAT,880,suppressed,1,9,False,True,8
RMU-LAT,882,retained,9,9,True,True,0
RMU-LAT,884,retained,9,9,True,True,0
RMU-LAT,888,retained,9,9,True,True,0
RMU-LAT,889,retained,1,9,False,True,8
RMU-LAT,893,retained,9,9,True,True,0
RMU-LAT,894,suppressed,5,9,False,True,4
RMU-LAT,900,retained,9,9,True,True,0
RMU-LAT,903,retained,9,8,True,False,-1
RMU-LAT,906,forgotten,1,8,False,False,7
RMU-LAT,908,retained,6,9,False,True,3
RMU-LAT,912,retained,9,9,True,True,0
RMU-LAT,915,suppressed,1,9,False,True,8
RMU-LAT,916,lucky,1,1,False,False,0
RMU-LAT,917,suppressed,2,9,False,True,7
RMU-LAT,919,forgotten,2,1,False,False,-1
RMU-LAT,921,forgotten,1,3,False,False,2
RMU-LAT,924,retained,9,9,True,True,0
RMU-LAT,926,lucky,1,4,False,False,3
RMU-LAT,928,suppressed,2,3,False,False,1
RMU-LAT,933,retained,9,9,True,True,0
RMU-LAT,944,retained,3,9,False,True,6
RMU-LAT,946,retained,1,9,False,True,8
RMU-LAT,947,retained,1,1,False,False,0
RMU-LAT,949,suppressed,2,1,False,False,-1
RMU-LAT,951,retained,3,9,False,True,6
RMU-LAT,956,retained,9,9,True,True,0
RMU-LAT,960,suppressed,1,2,False,False,1
RMU-LAT,961,retained,1,9,False,True,8
RMU-LAT,962,forgotten,8,2,False,False,-6
RMU-LAT,967,lucky,1,9,False,True,8
RMU-LAT,971,retained,9,9,True,True,0
RMU-LAT,973,forgotten,2,1,False,False,-1
RMU-LAT,975,forgotten,1,9,False,True,8
RMU-LAT,977,lucky,9,1,True,False,-8
RMU-LAT,978,forgotten,1,9,False,True,8
RMU-LAT,981,retained,9,5,True,False,-4
RMU-LAT,992,retained,1,9,False,True,8
RMU-LAT,993,forgotten,3,1,False,False,-2
RMU-LAT,994,suppressed,5,9,False,True,4
RMU-LAT,996,retained,9,9,True,True,0
RMU-LAT,998,suppressed,2,6,False,False,4
RMU-LAT,1000,retained,9,9,True,True,0
RMU-LAT,1007,retained,1,9,False,True,8
RMU-LAT,1008,retained,1,5,False,False,4
RMU-LAT,1009,lucky,4,1,False,False,-3
RMU-LAT,1012,retained,2,9,False,True,7
RMU-LAT,1013,suppressed,5,5,False,False,0
RMU-LAT,1014,suppressed,1,9,False,True,8
RMU-LAT,1020,retained,9,9,True,True,0
RMU-LAT,1028,lucky,1,4,False,False,3
RMU-LAT,1029,forgotten,1,9,False,True,8
RMU-LAT,1031,retained,9,9,True,True,0
RMU-LAT,1034,retained,1,9,False,True,8
RMU-LAT,1037,suppressed,1,9,False,True,8
RMU-LAT,1039,retained,4,9,False,True,5
RMU-LAT,1043,retained,9,9,True,True,0
RMU-LAT,1046,suppressed,1,2,False,False,1
RMU-LAT,1054,suppressed,1,1,False,False,0
RMU-LAT,1056,retained,1,9,False,True,8
RMU-LAT,1057,suppressed,1,9,False,True,8
RMU-LAT,1058,retained,1,9,False,True,8
RMU-LAT,1059,lucky,1,1,False,False,0
RMU-LAT,1060,forgotten,2,9,False,True,7
RMU-LAT,1062,retained,5,9,False,True,4
RMU-LAT,1069,lucky,1,1,False,False,0
RMU-LAT,1081,retained,1,9,False,True,8
RMU-LAT,1087,suppressed,8,9,False,True,1
RMU-LAT,1089,retained,9,9,True,True,0
RMU-LAT,1091,retained,2,9,False,True,7
RMU-LAT,1093,suppressed,2,1,False,False,-1
RMU-LAT,1095,suppressed,1,1,False,False,0
RMU-LAT,1097,lucky,9,9,True,True,0
RMU-LAT,1100,retained,3,1,False,False,-2
RMU-LAT,1102,retained,1,9,False,True,8
RMU-LAT,1109,retained,4,2,False,False,-2
RMU-LAT,1111,lucky,1,3,False,False,2
RMU-LAT,1117,retained,9,9,True,True,0
RMU-LAT,1120,suppressed,8,9,False,True,1
RMU-LAT,1121,lucky,9,5,True,False,-4
RMU-LAT,1124,forgotten,2,5,False,False,3
RMU-LAT,1126,lucky,9,9,True,True,0
RMU-LAT,1129,retained,9,9,True,True,0
RMU-LAT,1135,retained,2,9,False,True,7
RMU-LAT,1136,suppressed,1,9,False,True,8
RMU-LAT,1138,retained,4,3,False,False,-1
RMU-LAT,1146,retained,1,3,False,False,2
RMU-LAT,1147,retained,9,9,True,True,0
RMU-LAT,1149,suppressed,2,9,False,True,7
RMU-LAT,1151,retained,2,9,False,True,7
RMU-LAT,1154,lucky,3,2,False,False,-1
RMU-LAT,1155,lucky,9,9,True,True,0
RMU-LAT,1157,lucky,1,9,False,True,8
RMU-LAT,1160,forgotten,1,9,False,True,8
RMU-LAT,1161,retained,9,9,True,True,0
RMU-LAT,1165,retained,1,3,False,False,2
RMU-LAT,1169,retained,2,9,False,True,7
RMU-LAT,1171,retained,9,9,True,True,0
RMU-LAT,1172,retained,9,9,True,True,0
RMU-LAT,1174,lucky,5,9,False,True,4
RMU-LAT,1176,suppressed,1,5,False,False,4
RMU-LAT,1178,forgotten,1,9,False,True,8
RMU-LAT,1179,retained,1,9,False,True,8
RMU-LAT,1180,forgotten,1,1,False,False,0
RMU-LAT,1184,retained,9,1,True,False,-8
RMU-LAT,1207,retained,9,9,True,True,0
RMU-LAT,1216,lucky,9,0,True,False,-9
RMU-LAT,1221,lucky,9,9,True,True,0
RMU-LAT,1233,lucky,2,9,False,True,7
RMU-LAT,1243,forgotten,5,5,False,False,0
RMU-LAT,1253,retained,3,2,False,False,-1
RMU-LAT,1262,lucky,3,9,False,True,6
RMU-LAT,1264,retained,9,9,True,True,0
RMU-LAT,1271,lucky,9,9,True,True,0
RepNoise,3,lucky,6,0,False,False,-6
RepNoise,17,suppressed,6,9,False,True,3
RepNoise,26,lucky,2,9,False,True,7
RepNoise,34,forgotten,7,6,False,False,-1
RepNoise,39,retained,9,9,True,True,0
RepNoise,41,lucky,9,3,True,False,-6
RepNoise,46,retained,1,9,False,True,8
RepNoise,57,suppressed,8,9,False,True,1
RepNoise,59,forgotten,7,9,False,True,2
RepNoise,63,forgotten,5,9,False,True,4
RepNoise,67,forgotten,8,9,False,True,1
RepNoise,68,retained,6,9,False,True,3
RepNoise,74,retained,9,9,True,True,0
RepNoise,90,retained,9,9,True,True,0
RepNoise,95,suppressed,8,7,False,False,-1
RepNoise,105,forgotten,7,7,False,False,0
RepNoise,108,retained,6,3,False,False,-3
RepNoise,109,retained,6,9,False,True,3
RepNoise,118,suppressed,4,1,False,False,-3
RepNoise,137,suppressed,8,9,False,True,1
RepNoise,145,lucky,4,3,False,False,-1
RepNoise,161,retained,9,4,True,False,-5
RepNoise,162,suppressed,8,9,False,True,1
RepNoise,167,suppressed,8,9,False,True,1
RepNoise,172,suppressed,4,1,False,False,-3
RepNoise,174,suppressed,7,9,False,True,2
RepNoise,178,forgotten,4,3,False,False,-1
RepNoise,188,suppressed,1,9,False,True,8
RepNoise,190,lucky,9,9,True,True,0
RepNoise,191,retained,9,7,True,False,-2
RepNoise,200,suppressed,7,9,False,True,2
RepNoise,205,retained,5,9,False,True,4
RepNoise,207,suppressed,3,9,False,True,6
RepNoise,209,retained,9,9,True,True,0
RepNoise,216,retained,9,9,True,True,0
RepNoise,226,lucky,1,9,False,True,8
RepNoise,229,lucky,5,0,False,False,-5
RepNoise,246,suppressed,8,9,False,True,1
RepNoise,247,suppressed,3,3,False,False,0
RepNoise,256,retained,1,0,False,False,-1
RepNoise,298,lucky,5,9,False,True,4
RepNoise,308,retained,9,9,True,True,0
RepNoise,314,lucky,9,9,True,True,0
RepNoise,317,retained,4,9,False,True,5
RepNoise,329,retained,9,9,True,True,0
RepNoise,333,forgotten,7,9,False,True,2
RepNoise,335,lucky,9,9,True,True,0
RepNoise,338,forgotten,8,9,False,True,1
RepNoise,339,retained,9,9,True,True,0
RepNoise,345,forgotten,4,4,False,False,0
RepNoise,348,retained,9,9,True,True,0
RepNoise,349,suppressed,8,7,False,False,-1
RepNoise,351,retained,9,9,True,True,0
RepNoise,353,retained,9,9,True,True,0
RepNoise,355,retained,5,9,False,True,4
RepNoise,357,retained,5,9,False,True,4
RepNoise,359,retained,9,9,True,True,0
RepNoise,362,retained,5,8,False,False,3
RepNoise,364,suppressed,7,9,False,True,2
RepNoise,366,retained,5,9,False,True,4
RepNoise,372,suppressed,8,9,False,True,1
RepNoise,373,retained,9,9,True,True,0
RepNoise,375,retained,3,9,False,True,6
RepNoise,376,retained,9,9,True,True,0
RepNoise,397,retained,7,9,False,True,2
RepNoise,399,retained,9,9,True,True,0
RepNoise,400,suppressed,2,5,False,False,3
RepNoise,405,forgotten,6,9,False,True,3
RepNoise,407,suppressed,8,9,False,True,1
RepNoise,411,retained,3,0,False,False,-3
RepNoise,414,retained,4,0,False,False,-4
RepNoise,415,forgotten,8,9,False,True,1
RepNoise,422,forgotten,8,0,False,False,-8
RepNoise,424,lucky,4,3,False,False,-1
RepNoise,436,forgotten,2,4,False,False,2
RepNoise,438,suppressed,7,6,False,False,-1
RepNoise,443,retained,5,9,False,True,4
RepNoise,452,retained,9,9,True,True,0
RepNoise,462,retained,9,9,True,True,0
RepNoise,478,forgotten,8,8,False,False,0
RepNoise,481,retained,7,9,False,True,2
RepNoise,482,forgotten,5,5,False,False,0
RepNoise,485,forgotten,5,2,False,False,-3
RepNoise,497,suppressed,8,9,False,True,1
RepNoise,519,suppressed,8,9,False,True,1
RepNoise,523,forgotten,4,9,False,True,5
RepNoise,532,lucky,7,1,False,False,-6
RepNoise,534,retained,9,9,True,True,0
RepNoise,545,retained,9,9,True,True,0
RepNoise,552,suppressed,7,9,False,True,2
RepNoise,554,retained,9,9,True,True,0
RepNoise,555,retained,9,9,True,True,0
RepNoise,559,lucky,5,9,False,True,4
RepNoise,566,suppressed,6,9,False,True,3
RepNoise,568,suppressed,8,9,False,True,1
RepNoise,570,retained,9,9,True,True,0
RepNoise,576,forgotten,5,9,False,True,4
RepNoise,577,suppressed,6,9,False,True,3
RepNoise,584,suppressed,8,9,False,True,1
RepNoise,587,suppressed,3,9,False,True,6
RepNoise,591,retained,4,9,False,True,5
RepNoise,594,forgotten,8,0,False,False,-8
RepNoise,600,retained,9,9,True,True,0
RepNoise,604,retained,9,9,True,True,0
RepNoise,605,suppressed,7,9,False,True,2
RepNoise,617,retained,9,9,True,True,0
RepNoise,622,suppressed,4,9,False,True,5
RepNoise,624,retained,9,9,True,True,0
RepNoise,628,retained,9,9,True,True,0
RepNoise,633,retained,9,9,True,True,0
RepNoise,638,retained,9,9,True,True,0
RepNoise,641,retained,5,9,False,True,4
RepNoise,642,retained,4,9,False,True,5
RepNoise,644,forgotten,6,9,False,True,3
RepNoise,645,retained,9,9,True,True,0
RepNoise,649,suppressed,8,9,False,True,1
RepNoise,652,retained,4,9,False,True,5
RepNoise,654,retained,6,4,False,False,-2
RepNoise,658,suppressed,7,9,False,True,2
RepNoise,661,forgotten,8,9,False,True,1
RepNoise,667,lucky,4,9,False,True,5
RepNoise,669,lucky,9,9,True,True,0
RepNoise,672,suppressed,8,5,False,False,-3
RepNoise,675,forgotten,5,9,False,True,4
RepNoise,678,suppressed,8,9,False,True,1
RepNoise,681,retained,5,9,False,True,4
RepNoise,687,retained,9,9,True,True,0
RepNoise,693,lucky,6,9,False,True,3
RepNoise,696,retained,9,9,True,True,0
RepNoise,700,forgotten,6,9,False,True,3
RepNoise,702,retained,9,6,True,False,-3
RepNoise,703,retained,9,9,True,True,0
RepNoise,704,retained,9,9,True,True,0
RepNoise,706,suppressed,1,5,False,False,4
RepNoise,707,suppressed,7,9,False,True,2
RepNoise,709,suppressed,5,9,False,True,4
RepNoise,712,suppressed,1,1,False,False,0
RepNoise,713,retained,2,9,False,True,7
RepNoise,720,retained,9,9,True,True,0
RepNoise,722,suppressed,5,9,False,True,4
RepNoise,724,lucky,9,9,True,True,0
RepNoise,726,forgotten,5,9,False,True,4
RepNoise,730,suppressed,8,9,False,True,1
RepNoise,732,suppressed,7,9,False,True,2
RepNoise,733,lucky,6,5,False,False,-1
RepNoise,739,suppressed,4,9,False,True,5
RepNoise,746,forgotten,5,9,False,True,4
RepNoise,749,retained,5,9,False,True,4
RepNoise,750,suppressed,7,9,False,True,2
RepNoise,751,retained,5,9,False,True,4
RepNoise,752,retained,6,9,False,True,3
RepNoise,760,forgotten,6,9,False,True,3
RepNoise,763,suppressed,6,9,False,True,3
RepNoise,764,suppressed,7,9,False,True,2
RepNoise,769,suppressed,8,5,False,False,-3
RepNoise,770,retained,9,9,True,True,0
RepNoise,779,suppressed,6,9,False,True,3
RepNoise,781,suppressed,7,9,False,True,2
RepNoise,786,lucky,9,9,True,True,0
RepNoise,788,suppressed,8,9,False,True,1
RepNoise,793,suppressed,3,9,False,True,6
RepNoise,798,suppressed,4,9,False,True,5
RepNoise,799,suppressed,7,9,False,True,2
RepNoise,805,suppressed,3,4,False,False,1
RepNoise,806,retained,9,9,True,True,0
RepNoise,807,retained,9,9,True,True,0
RepNoise,812,retained,1,9,False,True,8
RepNoise,816,suppressed,4,9,False,True,5
RepNoise,817,retained,9,9,True,True,0
RepNoise,818,retained,9,9,True,True,0
RepNoise,820,retained,9,9,True,True,0
RepNoise,821,suppressed,4,9,False,True,5
RepNoise,824,lucky,5,4,False,False,-1
RepNoise,830,retained,3,9,False,True,6
RepNoise,831,suppressed,8,9,False,True,1
RepNoise,836,suppressed,4,5,False,False,1
RepNoise,837,retained,6,9,False,True,3
RepNoise,838,retained,9,9,True,True,0
RepNoise,840,suppressed,8,9,False,True,1
RepNoise,842,suppressed,8,9,False,True,1
RepNoise,843,suppressed,8,9,False,True,1
RepNoise,851,lucky,4,9,False,True,5
RepNoise,852,suppressed,6,9,False,True,3
RepNoise,853,forgotten,6,9,False,True,3
RepNoise,855,suppressed,8,9,False,True,1
RepNoise,860,suppressed,8,9,False,True,1
RepNoise,861,suppressed,8,9,False,True,1
RepNoise,863,forgotten,6,9,False,True,3
RepNoise,867,suppressed,1,9,False,True,8
RepNoise,869,suppressed,8,9,False,True,1
RepNoise,871,suppressed,8,4,False,False,-4
RepNoise,873,suppressed,8,9,False,True,1
RepNoise,877,lucky,4,4,False,False,0
RepNoise,880,suppressed,8,9,False,True,1
RepNoise,882,retained,9,9,True,True,0
RepNoise,884,suppressed,8,9,False,True,1
RepNoise,888,retained,9,9,True,True,0
RepNoise,889,retained,9,8,True,False,-1
RepNoise,893,suppressed,7,9,False,True,2
RepNoise,894,retained,9,9,True,True,0
RepNoise,900,retained,9,9,True,True,0
RepNoise,903,suppressed,6,9,False,True,3
RepNoise,906,forgotten,4,9,False,True,5
RepNoise,908,retained,9,7,True,False,-2
RepNoise,912,retained,9,9,True,True,0
RepNoise,915,forgotten,3,8,False,False,5
RepNoise,916,retained,6,9,False,True,3
RepNoise,917,lucky,3,4,False,False,1
RepNoise,919,retained,9,5,True,False,-4
RepNoise,921,suppressed,4,7,False,False,3
RepNoise,924,retained,9,9,True,True,0
RepNoise,926,retained,9,9,True,True,0
RepNoise,928,suppressed,7,5,False,False,-2
RepNoise,933,retained,9,9,True,True,0
RepNoise,944,retained,9,9,True,True,0
RepNoise,946,suppressed,7,9,False,True,2
RepNoise,947,retained,5,9,False,True,4
RepNoise,949,suppressed,2,9,False,True,7
RepNoise,951,suppressed,1,9,False,True,8
RepNoise,956,retained,9,9,True,True,0
RepNoise,960,lucky,6,7,False,False,1
RepNoise,961,forgotten,6,7,False,False,1
RepNoise,962,lucky,4,3,False,False,-1
RepNoise,967,suppressed,5,9,False,True,4
RepNoise,971,retained,9,9,True,True,0
RepNoise,973,suppressed,5,6,False,False,1
RepNoise,975,retained,6,9,False,True,3
RepNoise,977,lucky,7,6,False,False,-1
RepNoise,978,retained,3,9,False,True,6
RepNoise,981,forgotten,8,7,False,False,-1
RepNoise,992,retained,4,6,False,False,2
RepNoise,993,suppressed,8,2,False,False,-6
RepNoise,994,lucky,9,9,True,True,0
RepNoise,996,retained,6,9,False,True,3
RepNoise,998,retained,3,4,False,False,1
RepNoise,1000,retained,9,9,True,True,0
RepNoise,1007,retained,9,9,True,True,0
RepNoise,1008,suppressed,3,8,False,False,5
RepNoise,1009,suppressed,7,6,False,False,-1
RepNoise,1012,suppressed,3,9,False,True,6
RepNoise,1013,lucky,5,6,False,False,1
RepNoise,1014,suppressed,7,9,False,True,2
RepNoise,1020,suppressed,8,9,False,True,1
RepNoise,1028,retained,9,9,True,True,0
RepNoise,1029,forgotten,6,9,False,True,3
RepNoise,1031,suppressed,8,9,False,True,1
RepNoise,1034,retained,9,9,True,True,0
RepNoise,1037,retained,9,9,True,True,0
RepNoise,1039,suppressed,2,9,False,True,7
RepNoise,1043,retained,9,9,True,True,0
RepNoise,1046,retained,5,9,False,True,4
RepNoise,1054,suppressed,3,6,False,False,3
RepNoise,1056,suppressed,4,9,False,True,5
RepNoise,1057,forgotten,5,9,False,True,4
RepNoise,1058,suppressed,5,9,False,True,4
RepNoise,1059,retained,4,9,False,True,5
RepNoise,1060,retained,4,9,False,True,5
RepNoise,1062,forgotten,3,9,False,True,6
RepNoise,1069,lucky,9,5,True,False,-4
RepNoise,1081,retained,9,9,True,True,0
RepNoise,1087,suppressed,7,9,False,True,2
RepNoise,1089,retained,9,9,True,True,0
RepNoise,1091,suppressed,8,9,False,True,1
RepNoise,1093,suppressed,6,9,False,True,3
RepNoise,1095,retained,9,3,True,False,-6
RepNoise,1097,lucky,9,9,True,True,0
RepNoise,1100,forgotten,2,4,False,False,2
RepNoise,1102,suppressed,2,9,False,True,7
RepNoise,1109,forgotten,4,9,False,True,5
RepNoise,1111,forgotten,7,4,False,False,-3
RepNoise,1117,retained,9,9,True,True,0
RepNoise,1120,lucky,9,9,True,True,0
RepNoise,1121,suppressed,8,9,False,True,1
RepNoise,1124,retained,4,9,False,True,5
RepNoise,1126,forgotten,7,9,False,True,2
RepNoise,1129,suppressed,8,9,False,True,1
RepNoise,1135,suppressed,8,9,False,True,1
RepNoise,1136,retained,6,9,False,True,3
RepNoise,1138,suppressed,6,9,False,True,3
RepNoise,1146,retained,9,9,True,True,0
RepNoise,1147,retained,9,9,True,True,0
RepNoise,1149,retained,9,9,True,True,0
RepNoise,1151,retained,6,9,False,True,3
RepNoise,1154,suppressed,8,9,False,True,1
RepNoise,1155,forgotten,8,8,False,False,0
RepNoise,1157,retained,9,9,True,True,0
RepNoise,1160,retained,9,9,True,True,0
RepNoise,1161,retained,9,9,True,True,0
RepNoise,1165,suppressed,8,9,False,True,1
RepNoise,1169,suppressed,8,9,False,True,1
RepNoise,1171,retained,9,4,True,False,-5
RepNoise,1172,suppressed,8,9,False,True,1
RepNoise,1174,retained,9,9,True,True,0
RepNoise,1176,retained,5,7,False,False,2
RepNoise,1178,forgotten,1,9,False,True,8
RepNoise,1179,suppressed,8,9,False,True,1
RepNoise,1180,lucky,6,5,False,False,-1
RepNoise,1184,suppressed,8,9,False,True,1
RepNoise,1207,retained,6,9,False,True,3
RepNoise,1216,lucky,5,0,False,False,-5
RepNoise,1221,suppressed,8,9,False,True,1
RepNoise,1233,retained,5,9,False,True,4
RepNoise,1243,lucky,6,9,False,True,3
RepNoise,1253,suppressed,8,9,False,True,1
RepNoise,1262,forgotten,8,9,False,True,1
RepNoise,1264,forgotten,8,9,False,True,1
RepNoise,1271,forgotten,8,8,False,False,0
ELM,3,lucky,9,0,True,False,-9
ELM,17,retained,9,9,True,True,0
ELM,26,forgotten,6,7,False,False,1
ELM,34,retained,6,5,False,False,-1
ELM,39,retained,6,9,False,True,3
ELM,41,forgotten,8,9,False,True,1
ELM,46,retained,2,9,False,True,7
ELM,57,retained,9,2,True,False,-7
ELM,59,lucky,9,6,True,False,-3
ELM,63,forgotten,5,8,False,False,3
ELM,67,lucky,9,7,True,False,-2
ELM,68,forgotten,6,9,False,True,3
ELM,74,retained,1,9,False,True,8
ELM,90,retained,9,9,True,True,0
ELM,95,retained,9,9,True,True,0
ELM,105,lucky,9,5,True,False,-4
ELM,108,retained,1,1,False,False,0
ELM,109,lucky,9,9,True,True,0
ELM,118,suppressed,6,2,False,False,-4
ELM,137,suppressed,3,9,False,True,6
ELM,145,lucky,9,3,True,False,-6
ELM,161,retained,9,9,True,True,0
ELM,162,suppressed,5,9,False,True,4
ELM,167,retained,9,9,True,True,0
ELM,172,retained,5,2,False,False,-3
ELM,174,retained,9,9,True,True,0
ELM,178,suppressed,2,3,False,False,1
ELM,188,retained,1,9,False,True,8
ELM,190,retained,6,9,False,True,3
ELM,191,retained,9,9,True,True,0
ELM,200,retained,1,9,False,True,8
ELM,205,suppressed,1,9,False,True,8
ELM,207,retained,9,9,True,True,0
ELM,209,lucky,9,4,True,False,-5
ELM,216,retained,9,9,True,True,0
ELM,226,forgotten,1,9,False,True,8
ELM,229,retained,6,0,False,False,-6
ELM,246,suppressed,1,9,False,True,8
ELM,247,suppressed,3,9,False,True,6
ELM,256,lucky,2,0,False,False,-2
ELM,298,lucky,9,3,True,False,-6
ELM,308,retained,9,8,True,False,-1
ELM,314,retained,9,9,True,True,0
ELM,317,retained,9,8,True,False,-1
ELM,329,retained,9,3,True,False,-6
ELM,333,retained,9,9,True,True,0
ELM,335,retained,9,9,True,True,0
ELM,338,lucky,9,9,True,True,0
ELM,339,retained,9,9,True,True,0
ELM,345,lucky,9,1,True,False,-8
ELM,348,retained,9,5,True,False,-4
ELM,349,lucky,9,9,True,True,0
ELM,351,retained,1,9,False,True,8
ELM,353,retained,9,9,True,True,0
ELM,355,retained,3,9,False,True,6
ELM,357,retained,9,9,True,True,0
ELM,359,lucky,9,4,True,False,-5
ELM,362,suppressed,6,6,False,False,0
ELM,364,retained,9,9,True,True,0
ELM,366,retained,9,9,True,True,0
ELM,372,forgotten,4,9,False,True,5
ELM,373,suppressed,5,9,False,True,4
ELM,375,retained,2,9,False,True,7
ELM,376,suppressed,7,9,False,True,2
ELM,397,suppressed,5,1,False,False,-4
ELM,399,suppressed,1,9,False,True,8
ELM,400,suppressed,4,1,False,False,-3
ELM,405,retained,9,6,True,False,-3
ELM,407,suppressed,5,9,False,True,4
ELM,411,retained,3,0,False,False,-3
ELM,414,suppressed,1,0,False,False,-1
ELM,415,suppressed,1,9,False,True,8
ELM,422,retained,9,0,True,False,-9
ELM,424,lucky,5,5,False,False,0
ELM,436,retained,6,5,False,False,-1
ELM,438,retained,1,2,False,False,1
ELM,443,suppressed,8,9,False,True,1
ELM,452,lucky,9,9,True,True,0
ELM,462,suppressed,8,4,False,False,-4
ELM,478,suppressed,8,1,False,False,-7
ELM,481,retained,9,9,True,True,0
ELM,482,lucky,9,1,True,False,-8
ELM,485,forgotten,1,1,False,False,0
ELM,497,retained,9,6,True,False,-3
ELM,519,lucky,7,3,False,False,-4
ELM,523,retained,9,9,True,True,0
ELM,532,retained,9,6,True,False,-3
ELM,534,suppressed,6,3,False,False,-3
ELM,545,retained,9,9,True,True,0
ELM,552,retained,9,9,True,True,0
ELM,554,retained,9,9,True,True,0
ELM,555,retained,9,9,True,True,0
ELM,559,retained,9,9,True,True,0
ELM,566,retained,1,9,False,True,8
ELM,568,forgotten,4,9,False,True,5
ELM,570,retained,9,9,True,True,0
ELM,576,suppressed,6,9,False,True,3
ELM,577,retained,1,9,False,True,8
ELM,584,retained,1,9,False,True,8
ELM,587,suppressed,1,9,False,True,8
ELM,591,retained,9,9,True,True,0
ELM,594,retained,6,0,False,False,-6
ELM,600,retained,9,9,True,True,0
ELM,604,retained,9,9,True,True,0
ELM,605,retained,9,9,True,True,0
ELM,617,lucky,7,9,False,True,2
ELM,622,retained,9,9,True,True,0
ELM,624,retained,7,9,False,True,2
ELM,628,retained,9,9,True,True,0
ELM,633,retained,9,9,True,True,0
ELM,638,retained,9,9,True,True,0
ELM,641,retained,9,9,True,True,0
ELM,642,retained,5,9,False,True,4
ELM,644,suppressed,7,8,False,False,1
ELM,645,retained,9,9,True,True,0
ELM,649,retained,9,9,True,True,0
ELM,652,suppressed,2,9,False,True,7
ELM,654,suppressed,8,5,False,False,-3
ELM,658,suppressed,8,9,False,True,1
ELM,661,retained,9,9,True,True,0
ELM,667,retained,9,9,True,True,0
ELM,669,suppressed,4,9,False,True,5
ELM,672,retained,9,9,True,True,0
ELM,675,retained,9,9,True,True,0
ELM,678,retained,9,9,True,True,0
ELM,681,retained,4,9,False,True,5
ELM,687,lucky,9,9,True,True,0
ELM,693,retained,9,9,True,True,0
ELM,696,retained,9,9,True,True,0
ELM,700,retained,9,9,True,True,0
ELM,702,forgotten,8,3,False,False,-5
ELM,703,retained,9,9,True,True,0
ELM,704,retained,9,9,True,True,0
ELM,706,suppressed,6,4,False,False,-2
ELM,707,retained,9,9,True,True,0
ELM,709,suppressed,8,9,False,True,1
ELM,712,retained,1,2,False,False,1
ELM,713,suppressed,4,4,False,False,0
ELM,720,suppressed,1,9,False,True,8
ELM,722,retained,9,9,True,True,0
ELM,724,forgotten,3,9,False,True,6
ELM,726,suppressed,1,3,False,False,2
ELM,730,retained,9,9,True,True,0
ELM,732,retained,9,9,True,True,0
ELM,733,retained,9,5,True,False,-4
ELM,739,retained,9,9,True,True,0
ELM,746,retained,9,9,True,True,0
ELM,749,retained,9,9,True,True,0
ELM,750,retained,6,9,False,True,3
ELM,751,suppressed,8,9,False,True,1
ELM,752,suppressed,6,9,False,True,3
ELM,760,suppressed,7,9,False,True,2
ELM,763,lucky,9,9,True,True,0
ELM,764,suppressed,4,9,False,True,5
ELM,769,suppressed,5,9,False,True,4
ELM,770,retained,9,9,True,True,0
ELM,779,suppressed,8,9,False,True,1
ELM,781,suppressed,5,9,False,True,4
ELM,786,retained,7,9,False,True,2
ELM,788,retained,9,9,True,True,0
ELM,793,forgotten,2,3,False,False,1
ELM,798,suppressed,7,9,False,True,2
ELM,799,retained,9,9,True,True,0
ELM,805,retained,9,1,True,False,-8
ELM,806,retained,9,9,True,True,0
ELM,807,suppressed,5,9,False,True,4
ELM,812,retained,9,9,True,True,0
ELM,816,retained,1,9,False,True,8
ELM,817,suppressed,3,9,False,True,6
ELM,818,retained,9,9,True,True,0
ELM,820,suppressed,1,9,False,True,8
ELM,821,retained,9,9,True,True,0
ELM,824,lucky,1,6,False,False,5
ELM,830,lucky,3,9,False,True,6
ELM,831,suppressed,5,9,False,True,4
ELM,836,suppressed,4,9,False,True,5
ELM,837,retained,6,9,False,True,3
ELM,838,retained,9,9,True,True,0
ELM,840,retained,9,9,True,True,0
ELM,842,retained,6,9,False,True,3
ELM,843,retained,9,9,True,True,0
ELM,851,suppressed,5,9,False,True,4
ELM,852,retained,9,9,True,True,0
ELM,853,retained,9,9,True,True,0
ELM,855,retained,9,9,True,True,0
ELM,860,retained,9,9,True,True,0
ELM,861,retained,6,9,False,True,3
ELM,863,suppressed,6,9,False,True,3
ELM,867,forgotten,1,9,False,True,8
ELM,869,retained,9,9,True,True,0
ELM,871,lucky,9,4,True,False,-5
ELM,873,suppressed,6,9,False,True,3
ELM,877,lucky,9,1,True,False,-8
ELM,880,suppressed,8,9,False,True,1
ELM,882,retained,6,9,False,True,3
ELM,884,retained,9,9,True,True,0
ELM,888,retained,9,9,True,True,0
ELM,889,suppressed,1,9,False,True,8
ELM,893,retained,9,9,True,True,0
ELM,894,retained,1,9,False,True,8
ELM,900,retained,9,9,True,True,0
ELM,903,forgotten,5,9,False,True,4
ELM,906,forgotten,5,9,False,True,4
ELM,908,retained,9,7,True,False,-2
ELM,912,retained,9,9,True,True,0
ELM,915,retained,9,9,True,True,0
ELM,916,forgotten,6,6,False,False,0
ELM,917,suppressed,5,9,False,True,4
ELM,919,suppressed,1,1,False,False,0
ELM,921,forgotten,3,9,False,True,6
ELM,924,retained,9,9,True,True,0
ELM,926,suppressed,3,9,False,True,6
ELM,928,retained,5,9,False,True,4
ELM,933,retained,9,9,True,True,0
ELM,944,retained,9,9,True,True,0
ELM,946,suppressed,6,9,False,True,3
ELM,947,retained,3,9,False,True,6
ELM,949,lucky,1,9,False,True,8
ELM,951,retained,9,9,True,True,0
ELM,956,retained,5,9,False,True,4
ELM,960,suppressed,5,9,False,True,4
ELM,961,lucky,9,9,True,True,0
ELM,962,retained,9,9,True,True,0
ELM,967,suppressed,1,2,False,False,1
ELM,971,retained,9,9,True,True,0
ELM,973,retained,9,6,True,False,-3
ELM,975,retained,9,9,True,True,0
ELM,977,forgotten,1,1,False,False,0
ELM,978,forgotten,1,3,False,False,2
ELM,981,retained,9,9,True,True,0
ELM,992,retained,1,9,False,True,8
ELM,993,retained,9,1,True,False,-8
ELM,994,forgotten,5,9,False,True,4
ELM,996,forgotten,6,9,False,True,3
ELM,998,retained,3,9,False,True,6
ELM,1000,retained,9,9,True,True,0
ELM,1007,retained,9,9,True,True,0
ELM,1008,suppressed,8,9,False,True,1
ELM,1009,retained,3,2,False,False,-1
ELM,1012,retained,9,9,True,True,0
ELM,1013,retained,9,9,True,True,0
ELM,1014,retained,9,9,True,True,0
ELM,1020,retained,5,9,False,True,4
ELM,1028,forgotten,1,1,False,False,0
ELM,1029,forgotten,2,2,False,False,0
ELM,1031,retained,9,9,True,True,0
ELM,1034,lucky,9,9,True,True,0
ELM,1037,suppressed,8,9,False,True,1
ELM,1039,suppressed,1,9,False,True,8
ELM,1043,retained,5,9,False,True,4
ELM,1046,retained,5,9,False,True,4
ELM,1054,forgotten,8,8,False,False,0
ELM,1056,suppressed,3,9,False,True,6
ELM,1057,retained,9,9,True,True,0
ELM,1058,suppressed,6,9,False,True,3
ELM,1059,retained,9,9,True,True,0
ELM,1060,suppressed,3,3,False,False,0
ELM,1062,retained,6,9,False,True,3
ELM,1069,lucky,9,5,True,False,-4
ELM,1081,suppressed,8,9,False,True,1
ELM,1087,retained,1,9,False,True,8
ELM,1089,suppressed,8,9,False,True,1
ELM,1091,retained,9,9,True,True,0
ELM,1093,suppressed,6,9,False,True,3
ELM,1095,suppressed,1,1,False,False,0
ELM,1097,retained,9,9,True,True,0
ELM,1100,lucky,4,2,False,False,-2
ELM,1102,suppressed,1,9,False,True,8
ELM,1109,suppressed,5,1,False,False,-4
ELM,1111,forgotten,5,9,False,True,4
ELM,1117,retained,9,9,True,True,0
ELM,1120,retained,9,9,True,True,0
ELM,1121,retained,1,1,False,False,0
ELM,1124,suppressed,8,9,False,True,1
ELM,1126,retained,9,9,True,True,0
ELM,1129,retained,9,9,True,True,0
ELM,1135,suppressed,8,9,False,True,1
ELM,1136,lucky,9,9,True,True,0
ELM,1138,suppressed,1,9,False,True,8
ELM,1146,suppressed,8,9,False,True,1
ELM,1147,retained,9,9,True,True,0
ELM,1149,suppressed,5,9,False,True,4
ELM,1151,retained,9,9,True,True,0
ELM,1154,retained,9,9,True,True,0
ELM,1155,retained,9,9,True,True,0
ELM,1157,suppressed,6,9,False,True,3
ELM,1160,retained,9,9,True,True,0
ELM,1161,suppressed,7,9,False,True,2
ELM,1165,retained,9,9,True,True,0
ELM,1169,retained,9,9,True,True,0
ELM,1171,retained,9,9,True,True,0
ELM,1172,retained,9,9,True,True,0
ELM,1174,retained,9,9,True,True,0
ELM,1176,retained,7,9,False,True,2
ELM,1178,retained,6,9,False,True,3
ELM,1179,forgotten,3,9,False,True,6
ELM,1180,forgotten,7,6,False,False,-1
ELM,1184,retained,5,9,False,True,4
ELM,1207,suppressed,5,9,False,True,4
ELM,1216,suppressed,1,0,False,False,-1
ELM,1221,suppressed,7,9,False,True,2
ELM,1233,retained,9,9,True,True,0
ELM,1243,retained,9,9,True,True,0
ELM,1253,retained,9,6,True,False,-3
ELM,1262,suppressed,8,9,False,True,1
ELM,1264,retained,9,7,True,False,-2
ELM,1271,retained,9,9,True,True,0
RR,3,forgotten,2,0,False,False,-2
RR,17,retained,2,9,False,True,7
RR,26,suppressed,3,9,False,True,6
RR,34,retained,5,5,False,False,0
RR,39,retained,2,9,False,True,7
RR,41,lucky,2,9,False,True,7
RR,46,retained,9,9,True,True,0
RR,57,retained,5,9,False,True,4
RR,59,retained,9,9,True,True,0
RR,63,retained,2,5,False,False,3
RR,67,retained,2,3,False,False,1
RR,68,suppressed,3,9,False,True,6
RR,74,suppressed,2,9,False,True,7
RR,90,retained,9,9,True,True,0
RR,95,retained,2,2,False,False,0
RR,105,retained,9,2,True,False,-7
RR,108,forgotten,2,2,False,False,0
RR,109,retained,2,3,False,False,1
RR,118,retained,3,1,False,False,-2
RR,137,suppressed,2,9,False,True,7
RR,145,forgotten,5,1,False,False,-4
RR,161,retained,9,9,True,True,0
RR,162,retained,9,9,True,True,0
RR,167,retained,2,9,False,True,7
RR,172,retained,2,9,False,True,7
RR,174,retained,2,9,False,True,7
RR,178,forgotten,2,2,False,False,0
RR,188,suppressed,1,9,False,True,8
RR,190,retained,9,9,True,True,0
RR,191,forgotten,3,1,False,False,-2
RR,200,forgotten,4,4,False,False,0
RR,205,suppressed,1,8,False,False,7
RR,207,retained,9,9,True,True,0
RR,209,retained,2,9,False,True,7
RR,216,retained,2,9,False,True,7
RR,226,forgotten,3,9,False,True,6
RR,229,forgotten,8,0,False,False,-8
RR,246,retained,1,9,False,True,8
RR,247,suppressed,2,9,False,True,7
RR,256,forgotten,3,0,False,False,-3
RR,298,retained,5,4,False,False,-1
RR,308,retained,2,2,False,False,0
RR,314,retained,2,9,False,True,7
RR,317,forgotten,3,2,False,False,-1
RR,329,retained,9,9,True,True,0
RR,333,retained,9,9,True,True,0
RR,335,retained,9,9,True,True,0
RR,338,retained,2,4,False,False,2
RR,339,retained,2,9,False,True,7
RR,345,suppressed,3,2,False,False,-1
RR,348,suppressed,7,5,False,False,-2
RR,349,retained,5,2,False,False,-3
RR,351,retained,2,9,False,True,7
RR,353,retained,9,9,True,True,0
RR,355,retained,9,9,True,True,0
RR,357,forgotten,4,9,False,True,5
RR,359,suppressed,5,2,False,False,-3
RR,362,retained,9,9,True,True,0
RR,364,suppressed,3,9,False,True,6
RR,366,retained,3,9,False,True,6
RR,372,retained,2,9,False,True,7
RR,373,suppressed,1,7,False,False,6
RR,375,retained,1,9,False,True,8
RR,376,retained,9,9,True,True,0
RR,397,retained,1,1,False,False,0
RR,399,lucky,2,8,False,False,6
RR,400,retained,5,2,False,False,-3
RR,405,retained,1,9,False,True,8
RR,407,retained,2,6,False,False,4
RR,411,suppressed,2,0,False,False,-2
RR,414,suppressed,2,0,False,False,-2
RR,415,lucky,1,3,False,False,2
RR,422,retained,9,0,True,False,-9
RR,424,lucky,2,3,False,False,1
RR,436,retained,3,3,False,False,0
RR,438,retained,2,9,False,True,7
RR,443,retained,9,9,True,True,0
RR,452,lucky,9,7,True,False,-2
RR,462,retained,2,5,False,False,3
RR,478,lucky,4,7,False,False,3
RR,481,retained,9,9,True,True,0
RR,482,retained,2,1,False,False,-1
RR,485,suppressed,4,2,False,False,-2
RR,497,suppressed,2,4,False,False,2
RR,519,retained,3,3,False,False,0
RR,523,retained,5,9,False,True,4
RR,532,retained,9,1,True,False,-8
RR,534,retained,9,9,True,True,0
RR,545,retained,2,9,False,True,7
RR,552,retained,1,9,False,True,8
RR,554,lucky,2,9,False,True,7
RR,555,retained,2,9,False,True,7
RR,559,suppressed,3,2,False,False,-1
RR,566,retained,2,9,False,True,7
RR,568,retained,2,9,False,True,7
RR,570,forgotten,1,7,False,False,6
RR,576,lucky,9,9,True,True,0
RR,577,retained,9,9,True,True,0
RR,584,suppressed,2,5,False,False,3
RR,587,suppressed,8,9,False,True,1
RR,591,forgotten,1,9,False,True,8
RR,594,forgotten,7,0,False,False,-7
RR,600,retained,9,9,True,True,0
RR,604,retained,4,9,False,True,5
RR,605,retained,5,9,False,True,4
RR,617,retained,2,9,False,True,7
RR,622,retained,3,2,False,False,-1
RR,624,lucky,3,9,False,True,6
RR,628,retained,4,9,False,True,5
RR,633,suppressed,3,9,False,True,6
RR,638,retained,9,9,True,True,0
RR,641,suppressed,2,9,False,True,7
RR,642,suppressed,3,9,False,True,6
RR,644,retained,2,3,False,False,1
RR,645,retained,2,9,False,True,7
RR,649,retained,2,9,False,True,7
RR,652,forgotten,2,9,False,True,7
RR,654,forgotten,3,3,False,False,0
RR,658,forgotten,3,9,False,True,6
RR,661,lucky,3,9,False,True,6
RR,667,retained,3,9,False,True,6
RR,669,retained,4,2,False,False,-2
RR,672,suppressed,2,3,False,False,1
RR,675,retained,3,7,False,False,4
RR,678,retained,3,2,False,False,-1
RR,681,suppressed,2,9,False,True,7
RR,687,lucky,3,3,False,False,0
RR,693,retained,2,2,False,False,0
RR,696,retained,4,9,False,True,5
RR,700,lucky,2,7,False,False,5
RR,702,retained,9,2,True,False,-7
RR,703,lucky,5,9,False,True,4
RR,704,retained,4,5,False,False,1
RR,706,retained,2,8,False,False,6
RR,707,suppressed,2,9,False,True,7
RR,709,retained,9,9,True,True,0
RR,712,lucky,5,2,False,False,-3
RR,713,retained,4,9,False,True,5
RR,720,suppressed,1,5,False,False,4
RR,722,retained,4,9,False,True,5
RR,724,lucky,2,2,False,False,0
RR,726,lucky,6,3,False,False,-3
RR,730,lucky,9,9,True,True,0
RR,732,forgotten,3,9,False,True,6
RR,733,suppressed,2,2,False,False,0
RR,739,forgotten,3,9,False,True,6
RR,746,lucky,7,7,False,False,0
RR,749,suppressed,3,9,False,True,6
RR,750,retained,3,9,False,True,6
RR,751,retained,9,9,True,True,0
RR,752,lucky,9,9,True,True,0
RR,760,lucky,2,4,False,False,2
RR,763,retained,9,2,True,False,-7
RR,764,retained,3,9,False,True,6
RR,769,retained,1,5,False,False,4
RR,770,retained,4,9,False,True,5
RR,779,retained,1,9,False,True,8
RR,781,lucky,1,9,False,True,8
RR,786,suppressed,2,9,False,True,7
RR,788,lucky,2,9,False,True,7
RR,793,lucky,2,9,False,True,7
RR,798,suppressed,3,9,False,True,6
RR,799,lucky,2,9,False,True,7
RR,805,lucky,3,2,False,False,-1
RR,806,suppressed,8,3,False,False,-5
RR,807,forgotten,2,9,False,True,7
RR,812,retained,1,9,False,True,8
RR,816,forgotten,2,5,False,False,3
RR,817,retained,2,9,False,True,7
RR,818,forgotten,2,9,False,True,7
RR,820,forgotten,2,9,False,True,7
RR,821,retained,2,9,False,True,7
RR,824,suppressed,4,5,False,False,1
RR,830,suppressed,2,3,False,False,1
RR,831,lucky,2,8,False,False,6
RR,836,retained,2,8,False,False,6
RR,837,retained,2,9,False,True,7
RR,838,retained,2,9,False,True,7
RR,840,suppressed,2,9,False,True,7
RR,842,suppressed,2,9,False,True,7
RR,843,lucky,2,4,False,False,2
RR,851,suppressed,4,9,False,True,5
RR,852,retained,3,9,False,True,6
RR,853,retained,4,9,False,True,5
RR,855,suppressed,2,9,False,True,7
RR,860,forgotten,2,9,False,True,7
RR,861,retained,5,5,False,False,0
RR,863,suppressed,2,9,False,True,7
RR,867,suppressed,2,9,False,True,7
RR,869,retained,2,9,False,True,7
RR,871,suppressed,3,5,False,False,2
RR,873,suppressed,2,9,False,True,7
RR,877,suppressed,4,2,False,False,-2
RR,880,retained,4,9,False,True,5
RR,882,retained,1,9,False,True,8
RR,884,retained,5,9,False,True,4
RR,888,retained,3,9,False,True,6
RR,889,retained,2,2,False,False,0
RR,893,retained,5,9,False,True,4
RR,894,retained,2,9,False,True,7
RR,900,suppressed,3,9,False,True,6
RR,903,retained,9,9,True,True,0
RR,906,lucky,2,4,False,False,2
RR,908,forgotten,3,6,False,False,3
RR,912,retained,5,9,False,True,4
RR,915,suppressed,2,9,False,True,7
RR,916,retained,2,3,False,False,1
RR,917,retained,1,5,False,False,4
RR,919,retained,2,3,False,False,1
RR,921,retained,9,9,True,True,0
RR,924,retained,5,9,False,True,4
RR,926,forgotten,2,9,False,True,7
RR,928,lucky,9,4,True,False,-5
RR,933,suppressed,3,9,False,True,6
RR,944,retained,2,9,False,True,7
RR,946,retained,5,9,False,True,4
RR,947,suppressed,1,8,False,False,7
RR,949,retained,1,3,False,False,2
RR,951,suppressed,2,9,False,True,7
RR,956,retained,1,9,False,True,8
RR,960,retained,5,5,False,False,0
RR,961,retained,5,3,False,False,-2
RR,962,suppressed,2,2,False,False,0
RR,967,retained,2,9,False,True,7
RR,971,retained,2,9,False,True,7
RR,973,retained,3,9,False,True,6
RR,975,retained,3,9,False,True,6
RR,977,retained,2,2,False,False,0
RR,978,lucky,3,9,False,True,6
RR,981,retained,9,9,True,True,0
RR,992,suppressed,3,2,False,False,-1
RR,993,retained,2,1,False,False,-1
RR,994,suppressed,2,9,False,True,7
RR,996,retained,2,9,False,True,7
RR,998,retained,3,9,False,True,6
RR,1000,suppressed,3,9,False,True,6
RR,1007,retained,2,6,False,False,4
RR,1008,retained,9,2,True,False,-7
RR,1009,lucky,4,2,False,False,-2
RR,1012,suppressed,2,9,False,True,7
RR,1013,retained,2,9,False,True,7
RR,1014,suppressed,2,9,False,True,7
RR,1020,lucky,2,2,False,False,0
RR,1028,lucky,2,5,False,False,3
RR,1029,suppressed,2,3,False,False,1
RR,1031,retained,1,9,False,True,8
RR,1034,retained,9,2,True,False,-7
RR,1037,retained,9,9,True,True,0
RR,1039,lucky,1,9,False,True,8
RR,1043,retained,2,9,False,True,7
RR,1046,retained,2,9,False,True,7
RR,1054,retained,2,9,False,True,7
RR,1056,retained,2,9,False,True,7
RR,1057,retained,4,5,False,False,1
RR,1058,retained,4,2,False,False,-2
RR,1059,retained,2,9,False,True,7
RR,1060,retained,2,5,False,False,3
RR,1062,forgotten,4,9,False,True,5
RR,1069,retained,2,2,False,False,0
RR,1081,retained,2,9,False,True,7
RR,1087,retained,2,9,False,True,7
RR,1089,retained,2,2,False,False,0
RR,1091,retained,2,9,False,True,7
RR,1093,suppressed,2,9,False,True,7
RR,1095,forgotten,2,1,False,False,-1
RR,1097,suppressed,4,3,False,False,-1
RR,1100,suppressed,1,5,False,False,4
RR,1102,retained,9,9,True,True,0
RR,1109,retained,9,3,True,False,-6
RR,1111,forgotten,8,3,False,False,-5
RR,1117,retained,3,9,False,True,6
RR,1120,suppressed,2,9,False,True,7
RR,1121,lucky,6,2,False,False,-4
RR,1124,suppressed,3,9,False,True,6
RR,1126,retained,3,9,False,True,6
RR,1129,retained,6,9,False,True,3
RR,1135,retained,1,9,False,True,8
RR,1136,suppressed,3,9,False,True,6
RR,1138,retained,9,3,True,False,-6
RR,1146,retained,2,9,False,True,7
RR,1147,retained,9,9,True,True,0
RR,1149,retained,2,9,False,True,7
RR,1151,lucky,2,9,False,True,7
RR,1154,retained,2,9,False,True,7
RR,1155,retained,2,9,False,True,7
RR,1157,retained,9,9,True,True,0
RR,1160,retained,3,5,False,False,2
RR,1161,retained,2,9,False,True,7
RR,1165,retained,9,9,True,True,0
RR,1169,retained,9,9,True,True,0
RR,1171,retained,4,4,False,False,0
RR,1172,retained,2,9,False,True,7
RR,1174,suppressed,3,9,False,True,6
RR,1176,suppressed,2,9,False,True,7
RR,1178,retained,4,9,False,True,5
RR,1179,retained,2,9,False,True,7
RR,1180,lucky,5,2,False,False,-3
RR,1184,suppressed,2,8,False,False,6
RR,1207,retained,3,9,False,True,6
RR,1216,retained,1,0,False,False,-1
RR,1221,retained,9,9,True,True,0
RR,1233,retained,4,9,False,True,5
RR,1243,suppressed,4,9,False,True,5
RR,1253,suppressed,4,2,False,False,-2
RR,1262,suppressed,2,9,False,True,7
RR,1264,retained,5,9,False,True,4
RR,1271,retained,5,6,False,False,1
TAR,3,retained,9,0,True,False,-9
TAR,17,forgotten,1,1,False,False,0
TAR,26,suppressed,8,4,False,False,-4
TAR,34,retained,9,1,True,False,-8
TAR,39,retained,9,9,True,True,0
TAR,41,lucky,1,3,False,False,2
TAR,46,suppressed,8,1,False,False,-7
TAR,57,retained,9,2,True,False,-7
TAR,59,lucky,9,1,True,False,-8
TAR,63,suppressed,3,9,False,True,6
TAR,67,lucky,1,1,False,False,0
TAR,68,suppressed,8,9,False,True,1
TAR,74,retained,6,9,False,True,3
TAR,90,retained,9,9,True,True,0
TAR,95,suppressed,6,2,False,False,-4
TAR,105,retained,9,2,True,False,-7
TAR,108,retained,9,2,True,False,-7
TAR,109,forgotten,1,5,False,False,4
TAR,118,retained,6,1,False,False,-5
TAR,137,lucky,9,1,True,False,-8
TAR,145,forgotten,2,4,False,False,2
TAR,161,retained,9,9,True,True,0
TAR,162,retained,9,9,True,True,0
TAR,167,retained,9,9,True,True,0
TAR,172,suppressed,1,9,False,True,8
TAR,174,retained,9,9,True,True,0
TAR,178,retained,2,1,False,False,-1
TAR,188,suppressed,1,9,False,True,8
TAR,190,lucky,1,9,False,True,8
TAR,191,suppressed,6,4,False,False,-2
TAR,200,retained,9,9,True,True,0
TAR,205,retained,1,9,False,True,8
TAR,207,retained,9,9,True,True,0
TAR,209,retained,9,1,True,False,-8
TAR,216,retained,3,9,False,True,6
TAR,226,retained,9,8,True,False,-1
TAR,229,retained,9,0,True,False,-9
TAR,246,retained,1,9,False,True,8
TAR,247,retained,1,8,False,False,7
TAR,256,lucky,9,0,True,False,-9
TAR,298,retained,9,9,True,True,0
TAR,308,lucky,2,9,False,True,7
TAR,314,retained,9,9,True,True,0
TAR,317,retained,9,1,True,False,-8
TAR,329,retained,9,9,True,True,0
TAR,333,retained,9,9,True,True,0
TAR,335,retained,9,1,True,False,-8
TAR,338,suppressed,5,4,False,False,-1
TAR,339,retained,9,9,True,True,0
TAR,345,retained,9,7,True,False,-2
TAR,348,retained,1,9,False,True,8
TAR,349,retained,9,9,True,True,0
TAR,351,retained,2,9,False,True,7
TAR,353,suppressed,3,9,False,True,6
TAR,355,forgotten,8,2,False,False,-6
TAR,357,retained,5,3,False,False,-2
TAR,359,forgotten,5,1,False,False,-4
TAR,362,retained,9,9,True,True,0
TAR,364,forgotten,1,9,False,True,8
TAR,366,retained,9,9,True,True,0
TAR,372,retained,1,9,False,True,8
TAR,373,forgotten,1,9,False,True,8
TAR,375,forgotten,1,9,False,True,8
TAR,376,suppressed,3,9,False,True,6
TAR,397,suppressed,8,4,False,False,-4
TAR,399,retained,1,9,False,True,8
TAR,400,forgotten,3,9,False,True,6
TAR,405,suppressed,1,9,False,True,8
TAR,407,retained,1,9,False,True,8
TAR,411,retained,1,0,False,False,-1
TAR,414,forgotten,1,0,False,False,-1
TAR,415,retained,1,9,False,True,8
TAR,422,suppressed,7,0,False,False,-7
TAR,424,retained,9,1,True,False,-8
TAR,436,lucky,1,3,False,False,2
TAR,438,retained,3,4,False,False,1
TAR,443,retained,1,1,False,False,0
TAR,452,retained,9,9,True,True,0
TAR,462,retained,1,3,False,False,2
TAR,478,retained,9,9,True,True,0
TAR,481,retained,6,2,False,False,-4
TAR,482,suppressed,1,1,False,False,0
TAR,485,suppressed,6,9,False,True,3
TAR,497,retained,9,9,True,True,0
TAR,519,retained,9,1,True,False,-8
TAR,523,retained,9,9,True,True,0
TAR,532,lucky,1,5,False,False,4
TAR,534,suppressed,1,1,False,False,0
TAR,545,suppressed,1,1,False,False,0
TAR,552,retained,9,9,True,True,0
TAR,554,retained,1,9,False,True,8
TAR,555,retained,9,9,True,True,0
TAR,559,retained,9,9,True,True,0
TAR,566,suppressed,2,9,False,True,7
TAR,568,suppressed,2,9,False,True,7
TAR,570,retained,9,9,True,True,0
TAR,576,suppressed,1,9,False,True,8
TAR,577,suppressed,2,9,False,True,7
TAR,584,suppressed,1,9,False,True,8
TAR,587,suppressed,2,9,False,True,7
TAR,591,retained,9,9,True,True,0
TAR,594,retained,9,0,True,False,-9
TAR,600,retained,9,1,True,False,-8
TAR,604,suppressed,2,8,False,False,6
TAR,605,lucky,9,1,True,False,-8
TAR,617,suppressed,2,9,False,True,7
TAR,622,retained,9,9,True,True,0
TAR,624,retained,2,9,False,True,7
TAR,628,retained,1,2,False,False,1
TAR,633,retained,3,9,False,True,6
TAR,638,suppressed,2,5,False,False,3
TAR,641,suppressed,1,4,False,False,3
TAR,642,forgotten,6,1,False,False,-5
TAR,644,forgotten,2,2,False,False,0
TAR,645,suppressed,1,9,False,True,8
TAR,649,suppressed,1,9,False,True,8
TAR,652,forgotten,3,4,False,False,1
TAR,654,forgotten,1,9,False,True,8
TAR,658,retained,2,9,False,True,7
TAR,661,suppressed,2,9,False,True,7
TAR,667,retained,9,9,True,True,0
TAR,669,retained,3,9,False,True,6
TAR,672,retained,1,2,False,False,1
TAR,675,retained,1,2,False,False,1
TAR,678,suppressed,2,9,False,True,7
TAR,681,retained,9,9,True,True,0
TAR,687,retained,2,2,False,False,0
TAR,693,suppressed,3,2,False,False,-1
TAR,696,suppressed,3,9,False,True,6
TAR,700,suppressed,2,9,False,True,7
TAR,702,lucky,7,1,False,False,-6
TAR,703,forgotten,1,1,False,False,0
TAR,704,retained,9,9,True,True,0
TAR,706,suppressed,1,2,False,False,1
TAR,707,suppressed,8,9,False,True,1
TAR,709,retained,9,9,True,True,0
TAR,712,lucky,9,6,True,False,-3
TAR,713,forgotten,3,2,False,False,-1
TAR,720,retained,9,9,True,True,0
TAR,722,retained,9,9,True,True,0
TAR,724,retained,1,1,False,False,0
TAR,726,suppressed,1,9,False,True,8
TAR,730,suppressed,1,9,False,True,8
TAR,732,suppressed,6,9,False,True,3
TAR,733,forgotten,2,9,False,True,7
TAR,739,suppressed,1,9,False,True,8
TAR,746,retained,1,1,False,False,0
TAR,749,forgotten,1,3,False,False,2
TAR,750,retained,9,9,True,True,0
TAR,751,forgotten,1,7,False,False,6
TAR,752,suppressed,1,9,False,True,8
TAR,760,forgotten,5,9,False,True,4
TAR,763,retained,9,1,True,False,-8
TAR,764,retained,9,9,True,True,0
TAR,769,retained,9,9,True,True,0
TAR,770,retained,9,9,True,True,0
TAR,779,retained,9,9,True,True,0
TAR,781,suppressed,1,9,False,True,8
TAR,786,retained,9,9,True,True,0
TAR,788,retained,9,1,True,False,-8
TAR,793,lucky,9,9,True,True,0
TAR,798,suppressed,2,1,False,False,-1
TAR,799,retained,9,9,True,True,0
TAR,805,retained,6,1,False,False,-5
TAR,806,retained,9,9,True,True,0
TAR,807,suppressed,6,9,False,True,3
TAR,812,retained,9,9,True,True,0
TAR,816,retained,9,8,True,False,-1
TAR,817,retained,2,9,False,True,7
TAR,818,retained,2,7,False,False,5
TAR,820,suppressed,1,9,False,True,8
TAR,821,suppressed,1,9,False,True,8
TAR,824,forgotten,1,1,False,False,0
TAR,830,retained,1,1,False,False,0
TAR,831,suppressed,2,4,False,False,2
TAR,836,suppressed,2,9,False,True,7
TAR,837,retained,9,9,True,True,0
TAR,838,retained,1,3,False,False,2
TAR,840,retained,9,9,True,True,0
TAR,842,retained,9,9,True,True,0
TAR,843,suppressed,1,9,False,True,8
TAR,851,retained,9,9,True,True,0
TAR,852,retained,7,9,False,True,2
TAR,853,retained,9,9,True,True,0
TAR,855,retained,1,9,False,True,8
TAR,860,suppressed,1,4,False,False,3
TAR,861,suppressed,1,9,False,True,8
TAR,863,retained,6,9,False,True,3
TAR,867,suppressed,1,9,False,True,8
TAR,869,lucky,9,6,True,False,-3
TAR,871,suppressed,3,1,False,False,-2
TAR,873,retained,9,6,True,False,-3
TAR,877,suppressed,8,9,False,True,1
TAR,880,retained,1,9,False,True,8
TAR,882,suppressed,1,9,False,True,8
TAR,884,retained,9,9,True,True,0
TAR,888,retained,9,9,True,True,0
TAR,889,lucky,2,1,False,False,-1
TAR,893,retained,9,9,True,True,0
TAR,894,suppressed,3,9,False,True,6
TAR,900,retained,9,9,True,True,0
TAR,903,retained,2,9,False,True,7
TAR,906,forgotten,1,1,False,False,0
TAR,908,retained,9,9,True,True,0
TAR,912,retained,1,9,False,True,8
TAR,915,suppressed,1,9,False,True,8
TAR,916,suppressed,2,2,False,False,0
TAR,917,suppressed,1,9,False,True,8
TAR,919,suppressed,1,1,False,False,0
TAR,921,suppressed,2,2,False,False,0
TAR,924,retained,9,9,True,True,0
TAR,926,forgotten,3,1,False,False,-2
TAR,928,retained,2,9,False,True,7
TAR,933,forgotten,7,9,False,True,2
TAR,944,lucky,1,1,False,False,0
TAR,946,retained,9,9,True,True,0
TAR,947,suppressed,1,9,False,True,8
TAR,949,forgotten,2,6,False,False,4
TAR,951,suppressed,2,9,False,True,7
TAR,956,lucky,2,9,False,True,7
TAR,960,forgotten,3,3,False,False,0
TAR,961,suppressed,2,1,False,False,-1
TAR,962,suppressed,8,9,False,True,1
TAR,967,lucky,1,9,False,True,8
TAR,971,retained,9,9,True,True,0
TAR,973,retained,1,1,False,False,0
TAR,975,lucky,9,9,True,True,0
TAR,977,retained,9,1,True,False,-8
TAR,978,retained,9,9,True,True,0
TAR,981,retained,9,9,True,True,0
TAR,992,forgotten,2,6,False,False,4
TAR,993,retained,9,1,True,False,-8
TAR,994,suppressed,5,1,False,False,-4
TAR,996,suppressed,1,2,False,False,1
TAR,998,retained,1,3,False,False,2
TAR,1000,suppressed,4,9,False,True,5
TAR,1007,retained,9,9,True,True,0
TAR,1008,retained,9,9,True,True,0
TAR,1009,forgotten,1,9,False,True,8
TAR,1012,retained,3,9,False,True,6
TAR,1013,suppressed,8,9,False,True,1
TAR,1014,retained,1,9,False,True,8
TAR,1020,suppressed,3,9,False,True,6
TAR,1028,suppressed,1,9,False,True,8
TAR,1029,forgotten,1,1,False,False,0
TAR,1031,suppressed,2,9,False,True,7
TAR,1034,forgotten,2,9,False,True,7
TAR,1037,suppressed,2,9,False,True,7
TAR,1039,suppressed,1,9,False,True,8
TAR,1043,retained,1,9,False,True,8
TAR,1046,retained,1,9,False,True,8
TAR,1054,forgotten,2,9,False,True,7
TAR,1056,retained,3,9,False,True,6
TAR,1057,lucky,1,6,False,False,5
TAR,1058,retained,9,2,True,False,-7
TAR,1059,retained,1,1,False,False,0
TAR,1060,retained,9,9,True,True,0
TAR,1062,retained,9,9,True,True,0
TAR,1069,suppressed,1,1,False,False,0
TAR,1081,retained,1,9,False,True,8
TAR,1087,retained,2,9,False,True,7
TAR,1089,forgotten,1,2,False,False,1
TAR,1091,retained,2,9,False,True,7
TAR,1093,suppressed,1,9,False,True,8
TAR,1095,retained,1,9,False,True,8
TAR,1097,retained,9,1,True,False,-8
TAR,1100,retained,9,1,True,False,-8
TAR,1102,suppressed,2,9,False,True,7
TAR,1109,forgotten,1,9,False,True,8
TAR,1111,suppressed,1,1,False,False,0
TAR,1117,retained,9,9,True,True,0
TAR,1120,retained,9,9,True,True,0
TAR,1121,suppressed,1,1,False,False,0
TAR,1124,retained,9,9,True,True,0
TAR,1126,retained,4,9,False,True,5
TAR,1129,suppressed,2,8,False,False,6
TAR,1135,retained,1,9,False,True,8
TAR,1136,suppressed,1,9,False,True,8
TAR,1138,retained,1,1,False,False,0
TAR,1146,retained,9,6,True,False,-3
TAR,1147,retained,9,9,True,True,0
TAR,1149,retained,9,9,True,True,0
TAR,1151,suppressed,3,1,False,False,-2
TAR,1154,retained,1,1,False,False,0
TAR,1155,retained,9,9,True,True,0
TAR,1157,retained,9,1,True,False,-8
TAR,1160,retained,2,9,False,True,7
TAR,1161,suppressed,1,9,False,True,8
TAR,1165,retained,1,9,False,True,8
TAR,1169,retained,1,9,False,True,8
TAR,1171,forgotten,5,9,False,True,4
TAR,1172,retained,9,9,True,True,0
TAR,1174,suppressed,1,9,False,True,8
TAR,1176,suppressed,1,1,False,False,0
TAR,1178,retained,1,9,False,True,8
TAR,1179,retained,9,9,True,True,0
TAR,1180,forgotten,1,2,False,False,1
TAR,1184,retained,2,9,False,True,7
TAR,1207,retained,9,9,True,True,0
TAR,1216,lucky,1,0,False,False,-1
TAR,1221,retained,9,9,True,True,0
TAR,1233,retained,3,9,False,True,6
TAR,1243,retained,9,9,True,True,0
TAR,1253,retained,9,9,True,True,0
TAR,1262,retained,1,9,False,True,8
TAR,1264,retained,9,9,True,True,0
TAR,1271,retained,9,1,True,False,-8
PB_J,3,forgotten,3,0,False,False,-3
PB_J,17,retained,9,9,True,True,0
PB_J,26,suppressed,6,3,False,False,-3
PB_J,34,forgotten,5,3,False,False,-2
PB_J,39,lucky,6,6,False,False,0
PB_J,41,retained,6,9,False,True,3
PB_J,46,retained,9,9,True,True,0
PB_J,57,retained,9,9,True,True,0
PB_J,59,retained,3,2,False,False,-1
PB_J,63,forgotten,3,4,False,False,1
PB_J,67,suppressed,3,3,False,False,0
PB_J,68,suppressed,3,8,False,False,5
PB_J,74,suppressed,7,5,False,False,-2
PB_J,90,retained,9,9,True,True,0
PB_J,95,lucky,9,5,True,False,-4
PB_J,105,retained,9,3,True,False,-6
PB_J,108,forgotten,6,3,False,False,-3
PB_J,109,retained,7,5,False,False,-2
PB_J,118,retained,9,3,True,False,-6
PB_J,137,forgotten,4,4,False,False,0
PB_J,145,forgotten,5,2,False,False,-3
PB_J,161,retained,9,9,True,True,0
PB_J,162,lucky,2,7,False,False,5
PB_J,167,lucky,5,8,False,False,3
PB_J,172,retained,5,3,False,False,-2
PB_J,174,suppressed,5,9,False,True,4
PB_J,178,forgotten,5,4,False,False,-1
PB_J,188,suppressed,1,9,False,True,8
PB_J,190,retained,3,9,False,True,6
PB_J,191,forgotten,6,9,False,True,3
PB_J,200,suppressed,6,7,False,False,1
PB_J,205,retained,9,9,True,True,0
PB_J,207,retained,9,9,True,True,0
PB_J,209,retained,9,6,True,False,-3
PB_J,216,retained,3,9,False,True,6
PB_J,226,forgotten,4,8,False,False,4
PB_J,229,retained,4,0,False,False,-4
PB_J,246,retained,2,4,False,False,2
PB_J,247,suppressed,5,9,False,True,4
PB_J,256,retained,3,0,False,False,-3
PB_J,298,retained,6,6,False,False,0
PB_J,308,retained,9,9,True,True,0
PB_J,314,retained,9,9,True,True,0
PB_J,317,retained,9,9,True,True,0
PB_J,329,retained,9,9,True,True,0
PB_J,333,retained,9,9,True,True,0
PB_J,335,retained,9,9,True,True,0
PB_J,338,forgotten,8,4,False,False,-4
PB_J,339,retained,9,9,True,True,0
PB_J,345,lucky,9,3,True,False,-6
PB_J,348,retained,9,9,True,True,0
PB_J,349,retained,9,9,True,True,0
PB_J,351,retained,9,9,True,True,0
PB_J,353,retained,7,9,False,True,2
PB_J,355,retained,9,9,True,True,0
PB_J,357,retained,6,9,False,True,3
PB_J,359,retained,2,6,False,False,4
PB_J,362,retained,3,3,False,False,0
PB_J,364,retained,9,9,True,True,0
PB_J,366,retained,9,9,True,True,0
PB_J,372,suppressed,6,9,False,True,3
PB_J,373,forgotten,2,5,False,False,3
PB_J,375,retained,6,9,False,True,3
PB_J,376,suppressed,3,9,False,True,6
PB_J,397,forgotten,5,3,False,False,-2
PB_J,399,lucky,2,9,False,True,7
PB_J,400,retained,3,3,False,False,0
PB_J,405,suppressed,3,8,False,False,5
PB_J,407,forgotten,3,9,False,True,6
PB_J,411,forgotten,2,0,False,False,-2
PB_J,414,retained,4,0,False,False,-4
PB_J,415,retained,2,9,False,True,7
PB_J,422,forgotten,7,0,False,False,-7
PB_J,424,retained,5,5,False,False,0
PB_J,436,forgotten,2,3,False,False,1
PB_J,438,forgotten,2,3,False,False,1
PB_J,443,suppressed,2,4,False,False,2
PB_J,452,retained,9,9,True,True,0
PB_J,462,retained,9,9,True,True,0
PB_J,478,retained,9,9,True,True,0
PB_J,481,lucky,7,8,False,False,1
PB_J,482,suppressed,2,2,False,False,0
PB_J,485,lucky,4,6,False,False,2
PB_J,497,retained,9,9,True,True,0
PB_J,519,retained,9,9,True,True,0
PB_J,523,retained,9,9,True,True,0
PB_J,532,retained,9,3,True,False,-6
PB_J,534,retained,9,9,True,True,0
PB_J,545,lucky,3,8,False,False,5
PB_J,552,suppressed,4,9,False,True,5
PB_J,554,retained,5,9,False,True,4
PB_J,555,retained,9,9,True,True,0
PB_J,559,forgotten,7,9,False,True,2
PB_J,566,suppressed,2,9,False,True,7
PB_J,568,lucky,7,4,False,False,-3
PB_J,570,retained,3,9,False,True,6
PB_J,576,forgotten,8,9,False,True,1
PB_J,577,suppressed,3,9,False,True,6
PB_J,584,suppressed,8,9,False,True,1
PB_J,587,suppressed,4,9,False,True,5
PB_J,591,suppressed,3,9,False,True,6
PB_J,594,retained,2,0,False,False,-2
PB_J,600,retained,9,9,True,True,0
PB_J,604,retained,9,6,True,False,-3
PB_J,605,retained,9,9,True,True,0
PB_J,617,retained,9,9,True,True,0
PB_J,622,lucky,4,5,False,False,1
PB_J,624,suppressed,2,9,False,True,7
PB_J,628,retained,3,3,False,False,0
PB_J,633,retained,3,9,False,True,6
PB_J,638,retained,9,9,True,True,0
PB_J,641,lucky,4,6,False,False,2
PB_J,642,suppressed,3,4,False,False,1
PB_J,644,lucky,9,9,True,True,0
PB_J,645,lucky,7,6,False,False,-1
PB_J,649,suppressed,7,9,False,True,2
PB_J,652,suppressed,6,5,False,False,-1
PB_J,654,suppressed,3,5,False,False,2
PB_J,658,retained,5,9,False,True,4
PB_J,661,lucky,9,9,True,True,0
PB_J,667,lucky,2,8,False,False,6
PB_J,669,retained,5,5,False,False,0
PB_J,672,forgotten,6,6,False,False,0
PB_J,675,forgotten,3,3,False,False,0
PB_J,678,forgotten,3,4,False,False,1
PB_J,681,retained,5,9,False,True,4
PB_J,687,retained,9,4,True,False,-5
PB_J,693,forgotten,3,4,False,False,1
PB_J,696,lucky,5,9,False,True,4
PB_J,700,lucky,7,8,False,False,1
PB_J,702,forgotten,3,4,False,False,1
PB_J,703,retained,5,9,False,True,4
PB_J,704,retained,9,9,True,True,0
PB_J,706,forgotten,5,6,False,False,1
PB_J,707,forgotten,4,5,False,False,1
PB_J,709,retained,6,9,False,True,3
PB_J,712,forgotten,6,6,False,False,0
PB_J,713,lucky,3,6,False,False,3
PB_J,720,forgotten,3,9,False,True,6
PB_J,722,forgotten,6,7,False,False,1
PB_J,724,forgotten,7,6,False,False,-1
PB_J,726,retained,3,4,False,False,1
PB_J,730,retained,7,7,False,False,0
PB_J,732,retained,4,9,False,True,5
PB_J,733,lucky,3,3,False,False,0
PB_J,739,suppressed,4,9,False,True,5
PB_J,746,forgotten,4,3,False,False,-1
PB_J,749,retained,4,5,False,False,1
PB_J,750,retained,9,9,True,True,0
PB_J,751,retained,3,4,False,False,1
PB_J,752,lucky,3,6,False,False,3
PB_J,760,suppressed,3,3,False,False,0
PB_J,763,lucky,5,4,False,False,-1
PB_J,764,suppressed,6,9,False,True,3
PB_J,769,suppressed,8,9,False,True,1
PB_J,770,retained,9,9,True,True,0
PB_J,779,retained,6,9,False,True,3
PB_J,781,retained,2,9,False,True,7
PB_J,786,forgotten,6,6,False,False,0
PB_J,788,retained,7,9,False,True,2
PB_J,793,suppressed,2,9,False,True,7
PB_J,798,suppressed,7,7,False,False,0
PB_J,799,retained,9,9,True,True,0
PB_J,805,forgotten,3,2,False,False,-1
PB_J,806,retained,9,9,True,True,0
PB_J,807,retained,9,9,True,True,0
PB_J,812,retained,9,9,True,True,0
PB_J,816,retained,6,7,False,False,1
PB_J,817,retained,7,9,False,True,2
PB_J,818,retained,5,9,False,True,4
PB_J,820,suppressed,6,9,False,True,3
PB_J,821,retained,9,8,True,False,-1
PB_J,824,forgotten,4,4,False,False,0
PB_J,830,retained,4,9,False,True,5
PB_J,831,retained,9,9,True,True,0
PB_J,836,lucky,9,8,True,False,-1
PB_J,837,retained,6,6,False,False,0
PB_J,838,retained,9,9,True,True,0
PB_J,840,retained,9,9,True,True,0
PB_J,842,retained,9,9,True,True,0
PB_J,843,retained,7,4,False,False,-3
PB_J,851,retained,5,9,False,True,4
PB_J,852,forgotten,7,7,False,False,0
PB_J,853,forgotten,6,8,False,False,2
PB_J,855,forgotten,7,9,False,True,2
PB_J,860,retained,4,9,False,True,5
PB_J,861,retained,6,9,False,True,3
PB_J,863,forgotten,7,6,False,False,-1
PB_J,867,lucky,2,9,False,True,7
PB_J,869,retained,5,9,False,True,4
PB_J,871,retained,3,3,False,False,0
PB_J,873,retained,5,4,False,False,-1
PB_J,877,suppressed,3,3,False,False,0
PB_J,880,suppressed,3,9,False,True,6
PB_J,882,lucky,3,9,False,True,6
PB_J,884,retained,9,9,True,True,0
PB_J,888,retained,7,9,False,True,2
PB_J,889,lucky,2,3,False,False,1
PB_J,893,retained,9,9,True,True,0
PB_J,894,lucky,7,5,False,False,-2
PB_J,900,retained,3,9,False,True,6
PB_J,903,suppressed,3,4,False,False,1
PB_J,906,forgotten,5,9,False,True,4
PB_J,908,retained,9,9,True,True,0
PB_J,912,suppressed,6,9,False,True,3
PB_J,915,lucky,4,2,False,False,-2
PB_J,916,lucky,9,6,True,False,-3
PB_J,917,lucky,4,5,False,False,1
PB_J,919,retained,2,3,False,False,1
PB_J,921,lucky,9,4,True,False,-5
PB_J,924,retained,7,9,False,True,2
PB_J,926,retained,4,9,False,True,5
PB_J,928,lucky,3,9,False,True,6
PB_J,933,retained,9,9,True,True,0
PB_J,944,retained,5,9,False,True,4
PB_J,946,suppressed,3,9,False,True,6
PB_J,947,suppressed,2,3,False,False,1
PB_J,949,suppressed,2,9,False,True,7
PB_J,951,suppressed,5,9,False,True,4
PB_J,956,retained,3,9,False,True,6
PB_J,960,retained,9,9,True,True,0
PB_J,961,retained,6,5,False,False,-1
PB_J,962,retained,5,9,False,True,4
PB_J,967,retained,3,9,False,True,6
PB_J,971,retained,6,9,False,True,3
PB_J,973,suppressed,5,3,False,False,-2
PB_J,975,suppressed,5,9,False,True,4
PB_J,977,retained,5,6,False,False,1
PB_J,978,lucky,3,5,False,False,2
PB_J,981,retained,9,9,True,True,0
PB_J,992,forgotten,3,6,False,False,3
PB_J,993,retained,7,5,False,False,-2
PB_J,994,lucky,5,6,False,False,1
PB_J,996,retained,5,3,False,False,-2
PB_J,998,suppressed,2,6,False,False,4
PB_J,1000,retained,3,6,False,False,3
PB_J,1007,forgotten,3,4,False,False,1
PB_J,1008,suppressed,5,8,False,False,3
PB_J,1009,forgotten,2,3,False,False,1
PB_J,1012,suppressed,7,5,False,False,-2
PB_J,1013,lucky,5,9,False,True,4
PB_J,1014,forgotten,4,6,False,False,2
PB_J,1020,suppressed,5,8,False,False,3
PB_J,1028,lucky,2,8,False,False,6
PB_J,1029,retained,3,3,False,False,0
PB_J,1031,retained,5,9,False,True,4
PB_J,1034,lucky,6,5,False,False,-1
PB_J,1037,retained,9,9,True,True,0
PB_J,1039,retained,2,9,False,True,7
PB_J,1043,suppressed,5,5,False,False,0
PB_J,1046,retained,3,2,False,False,-1
PB_J,1054,forgotten,6,7,False,False,1
PB_J,1056,suppressed,6,9,False,True,3
PB_J,1057,retained,6,5,False,False,-1
PB_J,1058,lucky,4,4,False,False,0
PB_J,1059,suppressed,4,5,False,False,1
PB_J,1060,forgotten,3,9,False,True,6
PB_J,1062,suppressed,4,9,False,True,5
PB_J,1069,retained,3,3,False,False,0
PB_J,1081,retained,5,9,False,True,4
PB_J,1087,suppressed,5,9,False,True,4
PB_J,1089,lucky,5,3,False,False,-2
PB_J,1091,suppressed,4,9,False,True,5
PB_J,1093,suppressed,2,5,False,False,3
PB_J,1095,suppressed,2,2,False,False,0
PB_J,1097,retained,6,4,False,False,-2
PB_J,1100,lucky,3,5,False,False,2
PB_J,1102,suppressed,5,9,False,True,4
PB_J,1109,suppressed,2,4,False,False,2
PB_J,1111,forgotten,2,3,False,False,1
PB_J,1117,forgotten,8,9,False,True,1
PB_J,1120,lucky,6,9,False,True,3
PB_J,1121,suppressed,2,9,False,True,7
PB_J,1124,lucky,3,3,False,False,0
PB_J,1126,forgotten,4,4,False,False,0
PB_J,1129,lucky,3,5,False,False,2
PB_J,1135,suppressed,1,9,False,True,8
PB_J,1136,lucky,4,9,False,True,5
PB_J,1138,retained,3,7,False,False,4
PB_J,1146,retained,2,5,False,False,3
PB_J,1147,suppressed,5,9,False,True,4
PB_J,1149,retained,2,9,False,True,7
PB_J,1151,lucky,9,7,True,False,-2
PB_J,1154,forgotten,8,1,False,False,-7
PB_J,1155,suppressed,7,9,False,True,2
PB_J,1157,forgotten,7,5,False,False,-2
PB_J,1160,lucky,3,3,False,False,0
PB_J,1161,forgotten,7,9,False,True,2
PB_J,1165,forgotten,7,9,False,True,2
PB_J,1169,suppressed,5,9,False,True,4
PB_J,1171,retained,3,4,False,False,1
PB_J,1172,suppressed,5,9,False,True,4
PB_J,1174,suppressed,7,9,False,True,2
PB_J,1176,retained,3,4,False,False,1
PB_J,1178,suppressed,3,9,False,True,6
PB_J,1179,forgotten,4,9,False,True,5
PB_J,1180,lucky,3,3,False,False,0
PB_J,1184,forgotten,7,9,False,True,2
PB_J,1207,retained,9,9,True,True,0
PB_J,1216,retained,9,0,True,False,-9
PB_J,1221,retained,9,9,True,True,0
PB_J,1233,retained,9,9,True,True,0
PB_J,1243,retained,9,7,True,False,-2
PB_J,1253,retained,9,6,True,False,-3
PB_J,1262,retained,9,9,True,True,0
PB_J,1264,retained,9,9,True,True,0
PB_J,1271,retained,9,9,True,True,0
